filename,words
2L_top_Dieu_0001_png.rf.6504ac8398abe35d63ee386f811f9116.jpg,51A
2L_bot_Dieu_0001_png.rf.6504ac8398abe35d63ee386f811f9116.jpg,4032
2L_top_Dieu_0002_png.rf.55770366cb7e37dcaaf31ffa2163985d.jpg,51A
2L_bot_Dieu_0002_png.rf.55770366cb7e37dcaaf31ffa2163985d.jpg,4032
2L_top_Dieu_0003_png.rf.2a9c5c24d567a5dca96276a44f1013bc.jpg,50E
2L_bot_Dieu_0003_png.rf.2a9c5c24d567a5dca96276a44f1013bc.jpg,11297
2L_top_Dieu_0004_png.rf.0ee00afb4f2b37cc51156e5b5a7ae003.jpg,50E
2L_bot_Dieu_0004_png.rf.0ee00afb4f2b37cc51156e5b5a7ae003.jpg,11297
2L_top_Dieu_0005_png.rf.aab40ae70e1249aca3c50c187ce1b9ca.jpg,51B
2L_bot_Dieu_0005_png.rf.aab40ae70e1249aca3c50c187ce1b9ca.jpg,03271
2L_top_Dieu_0007_png.rf.b83e95abbde789b695aed4b2e01bb46a.jpg,62H
2L_bot_Dieu_0007_png.rf.b83e95abbde789b695aed4b2e01bb46a.jpg,76356
2L_top_Dieu_0011_png.rf.cbd743d4762975c745573834ffeea090.jpg,60C
2L_bot_Dieu_0011_png.rf.cbd743d4762975c745573834ffeea090.jpg,56611
2L_top_Dieu_0012_png.rf.cbaa27d6d06c8089d6631b9c24fcda4c.jpg,60C5
2L_bot_Dieu_0012_png.rf.cbaa27d6d06c8089d6631b9c24fcda4c.jpg,6611
2L_top_Dieu_0013_png.rf.3455aa56690d77e42a36473197639167.jpg,72G1
2L_bot_Dieu_0013_png.rf.3455aa56690d77e42a36473197639167.jpg,80117
2L_top_Dieu_0014_png.rf.898adc3a8ff7b792a1acebda3261a62a.jpg,60K
2L_bot_Dieu_0014_png.rf.898adc3a8ff7b792a1acebda3261a62a.jpg,26831
2L_top_Dieu_0015_png.rf.a6163e882781705513a486311031953b.jpg,50E
2L_bot_Dieu_0015_png.rf.a6163e882781705513a486311031953b.jpg,01296
2L_top_Dieu_0016_png.rf.9fb4826f5972c283705ee177bcc7eb83.jpg,50E
2L_bot_Dieu_0016_png.rf.9fb4826f5972c283705ee177bcc7eb83.jpg,01296
2L_top_Dieu_0017_png.rf.8aa8438a8007e3fe1700c3bc1f9e10e2.jpg,51K
2L_bot_Dieu_0017_png.rf.8aa8438a8007e3fe1700c3bc1f9e10e2.jpg,36443
2L_top_Dieu_0019_png.rf.225a2bd943874eb64821fd0d10278a13.jpg,51G
2L_bot_Dieu_0019_png.rf.225a2bd943874eb64821fd0d10278a13.jpg,20995
2L_top_Dieu_0021_png.rf.a6ba97eacafdaad1e8e8141785f70636.jpg,51A
2L_bot_Dieu_0021_png.rf.a6ba97eacafdaad1e8e8141785f70636.jpg,61294
2L_top_Dieu_0028_png.rf.f68a3700a7f0c38381ffa470a92495bb.jpg,51K
2L_bot_Dieu_0028_png.rf.f68a3700a7f0c38381ffa470a92495bb.jpg,50896
2L_top_Dieu_0029_png.rf.1316c1f491066ca6d35607337018de9f.jpg,51A
2L_bot_Dieu_0029_png.rf.1316c1f491066ca6d35607337018de9f.jpg,18281
2L_top_Dieu_0030_png.rf.b111d3325555e48e793ac8ccee55d053.jpg,51H
2L_bot_Dieu_0030_png.rf.b111d3325555e48e793ac8ccee55d053.jpg,69031
2L_top_Dieu_0032_png.rf.812f7b3a6c4618458c0610cd0ee15b5a.jpg,29H
2L_bot_Dieu_0032_png.rf.812f7b3a6c4618458c0610cd0ee15b5a.jpg,50138
2L_top_Dieu_0036_png.rf.d22c6f159233d53ff9512681afc5f2d8.jpg,51C
2L_bot_Dieu_0036_png.rf.d22c6f159233d53ff9512681afc5f2d8.jpg,02697
1L_Dieu_0037_png.rf.1c3f113db2e1bcc87c971beef4d3ccbe.jpg,79A18768
2L_top_Dieu_0038_png.rf.f9155dac6c73b47d1518917f9b819ba0.jpg,60T
2L_bot_Dieu_0038_png.rf.f9155dac6c73b47d1518917f9b819ba0.jpg,78671
2L_top_Dieu_0044_png.rf.2dadb18495675a98ddbdd1590d987086.jpg,78H1
2L_bot_Dieu_0044_png.rf.2dadb18495675a98ddbdd1590d987086.jpg,55105
2L_top_Dieu_0048_png.rf.5dafe17a2380650e1b0682289ea7897f.jpg,51G
2L_bot_Dieu_0048_png.rf.5dafe17a2380650e1b0682289ea7897f.jpg,31594
2L_top_Dieu_0049_png.rf.488d92bd1775f522d612301abcbe1c96.jpg,50E
2L_bot_Dieu_0049_png.rf.488d92bd1775f522d612301abcbe1c96.jpg,11416
2L_top_Dieu_0050_png.rf.c37e93ba44a85c5d3fde8f436fcfaddf.jpg,51F
2L_bot_Dieu_0050_png.rf.c37e93ba44a85c5d3fde8f436fcfaddf.jpg,90098
2L_top_Dieu_0051_png.rf.70887c0ea257e1a5f4b3a6c7e1c2cd83.jpg,51G
2L_bot_Dieu_0051_png.rf.70887c0ea257e1a5f4b3a6c7e1c2cd83.jpg,99627
1L_Dieu_0052_png.rf.b90959eab821110a85efba35d878ab6c.jpg,79A0504
2L_top_Dieu_0053_png.rf.fb2396081a8966ee57eac78d644b11b1.jpg,51K
2L_bot_Dieu_0053_png.rf.fb2396081a8966ee57eac78d644b11b1.jpg,10146
2L_top_Dieu_0058_png.rf.aa8c2a6d5d4ffbbc30e715f177e53fa6.jpg,51G
2L_bot_Dieu_0058_png.rf.aa8c2a6d5d4ffbbc30e715f177e53fa6.jpg,09348
2L_top_Dieu_0059_png.rf.8860433e303b7079244c7e01c0abdd78.jpg,51G
2L_bot_Dieu_0059_png.rf.8860433e303b7079244c7e01c0abdd78.jpg,51717
2L_top_Dieu_0060_png.rf.a1cda68b63ff93dc214c3be08dbc7f84.jpg,50X1
2L_bot_Dieu_0060_png.rf.a1cda68b63ff93dc214c3be08dbc7f84.jpg,11589
2L_top_Dieu_0063_png.rf.da8751fc55e008362882731634b29f27.jpg,38A
2L_bot_Dieu_0063_png.rf.da8751fc55e008362882731634b29f27.jpg,27374
2L_top_Dieu_0064_png.rf.5f825496c4b8317b8a9727fbc4f3e082.jpg,59P1
2L_bot_Dieu_0064_png.rf.5f825496c4b8317b8a9727fbc4f3e082.jpg,68112
2L_top_Dieu_0065_png.rf.dbfb12b83ff22863b9b17c8c8c410479.jpg,76B1
2L_bot_Dieu_0065_png.rf.dbfb12b83ff22863b9b17c8c8c410479.jpg,41873
2L_top_Dieu_0068_png.rf.74da5b9ad4a121011c6d137bbcc9d653.jpg,51G
2L_bot_Dieu_0068_png.rf.74da5b9ad4a121011c6d137bbcc9d653.jpg,96189
2L_top_Dieu_0081_png.rf.5c878e9faf9d8587829afab3c409a1e5.jpg,63B6
2L_bot_Dieu_0081_png.rf.5c878e9faf9d8587829afab3c409a1e5.jpg,15142
2L_top_Dieu_0107_png.rf.513e6ea8b4173f3c1475d31a50eba495.jpg,59X1
2L_bot_Dieu_0107_png.rf.513e6ea8b4173f3c1475d31a50eba495.jpg,04974
1L_Dieu_0108_png.rf.434ac1894cf0d76b0cc7237ad88fc9e3.jpg,51K27027
2L_top_Dieu_0110_png.rf.0b6b5ee74708816bf46b5a97f87a4c97.jpg,51G
2L_bot_Dieu_0110_png.rf.0b6b5ee74708816bf46b5a97f87a4c97.jpg,92231
2L_top_Dieu_0143_png.rf.c94a6bebaeb02172f8d40403268e3085.jpg,51H
2L_bot_Dieu_0143_png.rf.c94a6bebaeb02172f8d40403268e3085.jpg,69432
2L_top_Dieu_0146_png.rf.020567da58fa1258752dfa78d49e675a.jpg,51H
2L_bot_Dieu_0146_png.rf.020567da58fa1258752dfa78d49e675a.jpg,69860
2L_top_Dieu_0153_png.rf.8cc807dd72fd2f0b942f4663387a4390.jpg,59S2
2L_bot_Dieu_0153_png.rf.8cc807dd72fd2f0b942f4663387a4390.jpg,91904
2L_top_Dieu_0164_png.rf.834fcda3526f6bbe60dab46921f287fd.jpg,52X
2L_bot_Dieu_0164_png.rf.834fcda3526f6bbe60dab46921f287fd.jpg,35035
2L_top_Dieu_0167_png.rf.9818e818d551b0b39a61c2261fcf97fe.jpg,51H
2L_bot_Dieu_0167_png.rf.9818e818d551b0b39a61c2261fcf97fe.jpg,69860
2L_top_Dieu_0168_png.rf.d926edb4f9cff14b772cab01c0b65023.jpg,60Z
2L_bot_Dieu_0168_png.rf.d926edb4f9cff14b772cab01c0b65023.jpg,40023
2L_top_Dieu_0173_png.rf.0883861bd9eb9fbd1653e00dd316e3b3.jpg,59C3
2L_bot_Dieu_0173_png.rf.0883861bd9eb9fbd1653e00dd316e3b3.jpg,20025
2L_top_Dieu_0174_png.rf.07f907e3ce3c0186e274e54aa1521343.jpg,59X1
2L_bot_Dieu_0174_png.rf.07f907e3ce3c0186e274e54aa1521343.jpg,94293
2L_top_Dieu_0175_png.rf.678768f868fbb76d9d5f88c6d15facf3.jpg,60B8
2L_bot_Dieu_0175_png.rf.678768f868fbb76d9d5f88c6d15facf3.jpg,62972
2L_top_Dieu_0178_png.rf.67a835c88a6fd3e3b25b2fa507187f55.jpg,59Z1
2L_bot_Dieu_0178_png.rf.67a835c88a6fd3e3b25b2fa507187f55.jpg,01922
2L_top_Dieu_0181_png.rf.0a28c86dba03be6362059466355dd891.jpg,59C1
2L_bot_Dieu_0181_png.rf.0a28c86dba03be6362059466355dd891.jpg,44893
2L_top_Dieu_0182_png.rf.10cf55b3f44c855b2322fec6386db90b.jpg,55X
2L_bot_Dieu_0182_png.rf.10cf55b3f44c855b2322fec6386db90b.jpg,11849
2L_top_Dieu_0183_png.rf.afd999125223d0304faf77e886d1a699.jpg,69X1
2L_bot_Dieu_0183_png.rf.afd999125223d0304faf77e886d1a699.jpg,35698
2L_top_Dieu_0185_png.rf.d844a1271788d6808d4029a2c1faa721.jpg,69F1
2L_bot_Dieu_0185_png.rf.d844a1271788d6808d4029a2c1faa721.jpg,35698
2L_top_Dieu_0186_png.rf.3a01699122847df7466edd6afcfa5f73.jpg,81B1
2L_bot_Dieu_0186_png.rf.3a01699122847df7466edd6afcfa5f73.jpg,93928
2L_top_Dieu_0187_png.rf.65a5d0ea1d60d72211287e1113a8ea69.jpg,51G
2L_bot_Dieu_0187_png.rf.65a5d0ea1d60d72211287e1113a8ea69.jpg,38746
2L_top_Dieu_0190_png.rf.dd003cd25b63f9d1e4ed35d28f393df2.jpg,59P2
2L_bot_Dieu_0190_png.rf.dd003cd25b63f9d1e4ed35d28f393df2.jpg,26533
2L_top_Dieu_0191_png.rf.929ed9535a5ed43f4d78248ac58cb141.jpg,60B8
2L_bot_Dieu_0191_png.rf.929ed9535a5ed43f4d78248ac58cb141.jpg,77771
2L_top_Dieu_0192_png.rf.fee57ab509bf4368185942c5972d6356.jpg,51K
2L_bot_Dieu_0192_png.rf.fee57ab509bf4368185942c5972d6356.jpg,37082
2L_top_Dieu_0193_png.rf.c80342a3d97df9148bb4bc12cefebbae.jpg,71C2
2L_bot_Dieu_0193_png.rf.c80342a3d97df9148bb4bc12cefebbae.jpg,63510
2L_top_Dieu_0202_png.rf.227643827e8ecbef15a2168b3404a6b9.jpg,47K1
2L_bot_Dieu_0202_png.rf.227643827e8ecbef15a2168b3404a6b9.jpg,15491
2L_top_Dieu_0209_png.rf.fe72dfa6fc7115954fd07c4dc592dd22.jpg,51G
2L_bot_Dieu_0209_png.rf.fe72dfa6fc7115954fd07c4dc592dd22.jpg,72589
2L_top_Dieu_0210_png.rf.e6d7ffde399f469f9148cb34e6382120.jpg,51K
2L_bot_Dieu_0210_png.rf.e6d7ffde399f469f9148cb34e6382120.jpg,14305
2L_top_Dieu_0212_png.rf.20dcffa188509644fcf3ba166cc7724c.jpg,60A3
2L_bot_Dieu_0212_png.rf.20dcffa188509644fcf3ba166cc7724c.jpg,2801
2L_top_Dieu_0214_png.rf.3c62429722c57fa877dcd43d8eba3057.jpg,51C
2L_bot_Dieu_0214_png.rf.3c62429722c57fa877dcd43d8eba3057.jpg,02802
2L_top_Dieu_0215_png.rf.bab956a7ce55925e999d64e0b9550b6d.jpg,69N1
2L_bot_Dieu_0215_png.rf.bab956a7ce55925e999d64e0b9550b6d.jpg,68744
2L_top_Dieu_0216_png.rf.4118b0e39088f8b54a0a935f8f240c21.jpg,51F3
2L_bot_Dieu_0216_png.rf.4118b0e39088f8b54a0a935f8f240c21.jpg,2139
2L_top_Dieu_0217_png.rf.ea5124116a7c73b3a93ec9abef3514d4.jpg,51D0
2L_bot_Dieu_0217_png.rf.ea5124116a7c73b3a93ec9abef3514d4.jpg,2854
2L_top_Dieu_0220_png.rf.bf06e187153071d59257fe61c955feaf.jpg,51F5
2L_bot_Dieu_0220_png.rf.bf06e187153071d59257fe61c955feaf.jpg,5717
2L_top_Dieu_0226_png.rf.94c385e5d4dae4782c108ae20c10ab4b.jpg,51D
2L_bot_Dieu_0226_png.rf.94c385e5d4dae4782c108ae20c10ab4b.jpg,50063
2L_top_Dieu_0228_png.rf.60dd692132bac50e91721739853f8c92.jpg,51C
2L_bot_Dieu_0228_png.rf.60dd692132bac50e91721739853f8c92.jpg,05509
2L_top_Dieu_0229_png.rf.48eeb801c7e83de426268a45cf3fea44.jpg,51H
2L_bot_Dieu_0229_png.rf.48eeb801c7e83de426268a45cf3fea44.jpg,33262
2L_top_Dieu_0230_png.rf.4421cb9e76e763857358260c49fafdcf.jpg,51G
2L_bot_Dieu_0230_png.rf.4421cb9e76e763857358260c49fafdcf.jpg,94706
2L_top_Dieu_0233_png.rf.dc05919d977791437412005d6a1c5333.jpg,51H
2L_bot_Dieu_0233_png.rf.dc05919d977791437412005d6a1c5333.jpg,95737
2L_top_Dieu_0237_png.rf.7fc1f65f18011a2db23dc99169a928a7.jpg,51K
2L_bot_Dieu_0237_png.rf.7fc1f65f18011a2db23dc99169a928a7.jpg,51275
2L_top_Dieu_0238_png.rf.a34b97c54b6e3f8f8b1d556f87fe7bb7.jpg,59V2
2L_bot_Dieu_0238_png.rf.a34b97c54b6e3f8f8b1d556f87fe7bb7.jpg,67157
2L_top_Dieu_0243_png.rf.b133c501f9a14656e5d1ac8376acc687.jpg,51H
2L_bot_Dieu_0243_png.rf.b133c501f9a14656e5d1ac8376acc687.jpg,67569
2L_top_Dieu_0244_png.rf.1b40b4e418be127e62db0df3b9f834af.jpg,51H6
2L_bot_Dieu_0244_png.rf.1b40b4e418be127e62db0df3b9f834af.jpg,3681
2L_top_Dieu_0245_png.rf.357db493da2578c625d66d814c68f982.jpg,51K
2L_bot_Dieu_0245_png.rf.357db493da2578c625d66d814c68f982.jpg,41413
2L_top_Dieu_0249_png.rf.38261c681155d94daf2a77d8539ceca2.jpg,76B1
2L_bot_Dieu_0249_png.rf.38261c681155d94daf2a77d8539ceca2.jpg,79235
2L_top_Dieu_0250_png.rf.e4a5c2d6379a2e2cf98ce72f79a4a88a.jpg,51H
2L_bot_Dieu_0250_png.rf.e4a5c2d6379a2e2cf98ce72f79a4a88a.jpg,14952
2L_top_Dieu_0254_png.rf.ea1dec5677b3514661c2cd0a63cc6f50.jpg,59E2
2L_bot_Dieu_0254_png.rf.ea1dec5677b3514661c2cd0a63cc6f50.jpg,02192
1L_Dieu_0255_png.rf.25cf1662653da8852351c723b4485dae.jpg,51A09798
2L_top_Dieu_0257_png.rf.a4ed33c54120d45fa31efc0bead7ffed.jpg,51G
2L_bot_Dieu_0257_png.rf.a4ed33c54120d45fa31efc0bead7ffed.jpg,01313
1L_Dieu_0262_png.rf.1cf61051cfca3d809ea5c6c1ee8690c2.jpg,51G21576
2L_top_Dieu_0263_png.rf.b03609471129b1a803f3c9d5d0a187cb.jpg,51H
2L_bot_Dieu_0263_png.rf.b03609471129b1a803f3c9d5d0a187cb.jpg,92296
1L_Dieu_0266_png.rf.c1b050f777df659d6c59e2838f38faf1.jpg,51F23429
2L_top_Dieu_0271_png.rf.d6b9a4537d2f1464edc91ad89800d4e4.jpg,51H
2L_bot_Dieu_0271_png.rf.d6b9a4537d2f1464edc91ad89800d4e4.jpg,60996
2L_top_Dieu_0284_png.rf.55979bed6e68915c5cf519a758b2811c.jpg,78A1
2L_bot_Dieu_0284_png.rf.55979bed6e68915c5cf519a758b2811c.jpg,0756
2L_top_Dieu_0285_png.rf.996c02639102e41a53c2b5470fce9480.jpg,51K
2L_bot_Dieu_0285_png.rf.996c02639102e41a53c2b5470fce9480.jpg,65229
2L_top_Dieu_0286_png.rf.4a2dcfb71a9b72c7d527db319fa9c63b.jpg,59X1
2L_bot_Dieu_0286_png.rf.4a2dcfb71a9b72c7d527db319fa9c63b.jpg,65996
2L_top_Dieu_0295_png.rf.56c7f4660036d66a0fb93f48b815ca12.jpg,50H
2L_bot_Dieu_0295_png.rf.56c7f4660036d66a0fb93f48b815ca12.jpg,10418
2L_top_Dieu_0297_png.rf.e67552e7fb3f02ec8b40083391e88a1a.jpg,60A
2L_bot_Dieu_0297_png.rf.e67552e7fb3f02ec8b40083391e88a1a.jpg,84499
2L_top_Dieu_0299_png.rf.754196dfe2326075fa01fba0850bc29a.jpg,51D
2L_bot_Dieu_0299_png.rf.754196dfe2326075fa01fba0850bc29a.jpg,80415
2L_top_Dieu_0300_png.rf.7bcac2a0393cf157e6245fb7570683db.jpg,51D
2L_bot_Dieu_0300_png.rf.7bcac2a0393cf157e6245fb7570683db.jpg,80415
1L_Dieu_0308_png.rf.a3219cef3517ca2a961a035539ffffdf.jpg,51G76010
2L_top_Dieu_0309_png.rf.7309eeb78fc53cf6ddb36d1754315fd8.jpg,84K1
2L_bot_Dieu_0309_png.rf.7309eeb78fc53cf6ddb36d1754315fd8.jpg,31546
2L_top_Dieu_0312_png.rf.f6e8a5a4e6c59e2de13ed99e8f202935.jpg,51G
2L_bot_Dieu_0312_png.rf.f6e8a5a4e6c59e2de13ed99e8f202935.jpg,28885
2L_top_Dieu_0320_png.rf.1feb121a44f13b1e4fbfa1fd40ac013b.jpg,51H
2L_bot_Dieu_0320_png.rf.1feb121a44f13b1e4fbfa1fd40ac013b.jpg,71610
2L_top_Dieu_0324_png.rf.80bcad04a5d0164eceadd52190ea88d0.jpg,51H2
2L_bot_Dieu_0324_png.rf.80bcad04a5d0164eceadd52190ea88d0.jpg,1954
2L_top_Dieu_0326_png.rf.21de8f62ec6753ba0795af6c8b58a13d.jpg,61H1
2L_bot_Dieu_0326_png.rf.21de8f62ec6753ba0795af6c8b58a13d.jpg,36650
2L_top_Dieu_0347_png.rf.fe5daa57a2564bd839cf0eea1865cfc9.jpg,50E
2L_bot_Dieu_0347_png.rf.fe5daa57a2564bd839cf0eea1865cfc9.jpg,06365
2L_top_Dieu_0358_png.rf.e30185be118d8f52c328661fc9362499.jpg,51G
2L_bot_Dieu_0358_png.rf.e30185be118d8f52c328661fc9362499.jpg,19579
2L_top_Dieu_0397_png.rf.1dffa5150d3cfc4669ca562cc27a86dc.jpg,59X4
2L_bot_Dieu_0397_png.rf.1dffa5150d3cfc4669ca562cc27a86dc.jpg,60017
2L_top_Dieu_0399_png.rf.f5243045e65eecfc708cdc92473c4692.jpg,59X4
2L_bot_Dieu_0399_png.rf.f5243045e65eecfc708cdc92473c4692.jpg,60017
2L_top_Dieu_0400_png.rf.ce56b4019daf61c0ec48697403d0ee13.jpg,72F1
2L_bot_Dieu_0400_png.rf.ce56b4019daf61c0ec48697403d0ee13.jpg,68599
2L_top_Dieu_0401_png.rf.97ca5d237968f4e8df16546a30fc84be.jpg,59X4
2L_bot_Dieu_0401_png.rf.97ca5d237968f4e8df16546a30fc84be.jpg,60017
2L_top_Dieu_0403_png.rf.457af9db772cdcc52a0ed9e9614fa8be.jpg,51H
2L_bot_Dieu_0403_png.rf.457af9db772cdcc52a0ed9e9614fa8be.jpg,01962
2L_top_Dieu_0408_png.rf.4200a25adbc028a6d2f28172f7ec5179.jpg,51D
2L_bot_Dieu_0408_png.rf.4200a25adbc028a6d2f28172f7ec5179.jpg,77226
2L_top_Dieu_0409_png.rf.3c9a5f647aa57bec4756e6dd7b971d7c.jpg,37A
2L_bot_Dieu_0409_png.rf.3c9a5f647aa57bec4756e6dd7b971d7c.jpg,53920
2L_top_Dieu_0410_png.rf.d1dd6120d074133c4097fe532fed8bc6.jpg,51A
2L_bot_Dieu_0410_png.rf.d1dd6120d074133c4097fe532fed8bc6.jpg,93560
2L_top_Dieu_0421_png.rf.f3719a3262ae5a54341a8a2eb59eee84.jpg,59B1
2L_bot_Dieu_0421_png.rf.f3719a3262ae5a54341a8a2eb59eee84.jpg,49876
2L_top_Dieu_0422_png.rf.a205597d68d243b991e2fe2856446998.jpg,95B1
2L_bot_Dieu_0422_png.rf.a205597d68d243b991e2fe2856446998.jpg,36160
2L_top_Dieu_0423_png.rf.5033f32f4467e5345fad4737ce76616f.jpg,59X2
2L_bot_Dieu_0423_png.rf.5033f32f4467e5345fad4737ce76616f.jpg,23395
2L_top_Dieu_0424_png.rf.f675fd1d9c79d85a3d9d3965722cd9f1.jpg,59B1
2L_bot_Dieu_0424_png.rf.f675fd1d9c79d85a3d9d3965722cd9f1.jpg,49876
2L_top_Dieu_0428_png.rf.e0083f20cb5eed5c9131d07fb8352754.jpg,59D1
2L_bot_Dieu_0428_png.rf.e0083f20cb5eed5c9131d07fb8352754.jpg,75530
2L_top_Dieu_0430_png.rf.ca5d22c7008d9f98384a003ea418208b.jpg,60C2
2L_bot_Dieu_0430_png.rf.ca5d22c7008d9f98384a003ea418208b.jpg,95219
2L_top_Dieu_0432_png.rf.4a3b863bc4b5efd08ffa51914e9b4aac.jpg,60C2
2L_bot_Dieu_0432_png.rf.4a3b863bc4b5efd08ffa51914e9b4aac.jpg,79027
2L_top_Dieu_0437_png.rf.d72c62074227e4dc9cbdf47fa438235a.jpg,60B9
2L_bot_Dieu_0437_png.rf.d72c62074227e4dc9cbdf47fa438235a.jpg,19744
2L_top_Dieu_0463_png.rf.87eef804d650f33220f9f871e192a5c1.jpg,71B1
2L_bot_Dieu_0463_png.rf.87eef804d650f33220f9f871e192a5c1.jpg,58609
2L_top_Dieu_0464_png.rf.a498c1dbc3f3254b2fef8bfc1700a5ab.jpg,77G1
2L_bot_Dieu_0464_png.rf.a498c1dbc3f3254b2fef8bfc1700a5ab.jpg,60295
2L_top_Dieu_0465_png.rf.162e0da10e437d0cdcbaf61f06061cbb.jpg,47E1
2L_bot_Dieu_0465_png.rf.162e0da10e437d0cdcbaf61f06061cbb.jpg,40769
2L_top_Dieu_0466_png.rf.42acbdf1c79356aa1f9abd8b0bb989d3.jpg,77G1
2L_bot_Dieu_0466_png.rf.42acbdf1c79356aa1f9abd8b0bb989d3.jpg,39419
2L_top_Dieu_0467_png.rf.0efc6f6423347e73e23059ee8291ad27.jpg,47C1
2L_bot_Dieu_0467_png.rf.0efc6f6423347e73e23059ee8291ad27.jpg,36750
2L_top_Dieu_0468_png.rf.979bdb4aa2b0cffa38cc64df93253433.jpg,60C2
2L_bot_Dieu_0468_png.rf.979bdb4aa2b0cffa38cc64df93253433.jpg,32596
2L_top_Dieu_0472_png.rf.4461dbe6879ab49587c9ad6e25c75e44.jpg,54X4
2L_bot_Dieu_0472_png.rf.4461dbe6879ab49587c9ad6e25c75e44.jpg,6647
2L_top_Dieu_0473_png.rf.42974e7201821b2696242efceea1088a.jpg,86B1
2L_bot_Dieu_0473_png.rf.42974e7201821b2696242efceea1088a.jpg,61032
2L_top_Hung_0011_png.rf.22ff007e0d6d41002c2e8bcd2e4b7357.jpg,61N
2L_bot_Hung_0011_png.rf.22ff007e0d6d41002c2e8bcd2e4b7357.jpg,9396
2L_top_Hung_0016_png.rf.f19d8c21db0e840ab9c81d9310e66635.jpg,51B
2L_bot_Hung_0016_png.rf.f19d8c21db0e840ab9c81d9310e66635.jpg,13919
1L_Hung_0308_png.rf.0a7396e7f3cd36d1434008f9f5b4d043.jpg,47A43647
2L_top_Hung_0318_png.rf.2cb6cb15b5fdf5b00b409ce5879482d4.jpg,51H
2L_bot_Hung_0318_png.rf.2cb6cb15b5fdf5b00b409ce5879482d4.jpg,61587
1L_Tgmt_0001_png.rf.c0f8e355d4b08471001a06f203b6aa39.jpg,29C65227
2L_top_Tgmt_0002_png.rf.2db1d7f3970191328f945ef55847d9dd.jpg,89A
2L_bot_Tgmt_0002_png.rf.2db1d7f3970191328f945ef55847d9dd.jpg,07379
2L_top_Tgmt_0003_png.rf.28433b9b6a70caf6e7cc1123cfaa9684.jpg,29A
2L_bot_Tgmt_0003_png.rf.28433b9b6a70caf6e7cc1123cfaa9684.jpg,44039
2L_top_Tgmt_0006_png.rf.627928b3584776b185df945d42495077.jpg,98A
2L_bot_Tgmt_0006_png.rf.627928b3584776b185df945d42495077.jpg,17339
2L_top_Tgmt_0007_png.rf.91eabe27a19311aadf11ffbf3fd8a231.jpg,50Z
2L_bot_Tgmt_0007_png.rf.91eabe27a19311aadf11ffbf3fd8a231.jpg,6788
2L_top_Tgmt_0008_png.rf.5aa9d0b76b5b73a02c60fd1891aff6e5.jpg,51F
2L_bot_Tgmt_0008_png.rf.5aa9d0b76b5b73a02c60fd1891aff6e5.jpg,86947
2L_top_Tgmt_0009_png.rf.bea63a522a8f15dc97ae71f90b1fe465.jpg,56P
2L_bot_Tgmt_0009_png.rf.bea63a522a8f15dc97ae71f90b1fe465.jpg,6961
2L_top_Tgmt_0010_png.rf.30041104f8007a37807606002f027c71.jpg,62A
2L_bot_Tgmt_0010_png.rf.30041104f8007a37807606002f027c71.jpg,02636
1L_Tgmt_0011_png.rf.84ff8fc58cc1e920dd28f2eb356615d2.jpg,51A00530
2L_top_Tgmt_0012_png.rf.2a6beb70ae56e09edc15e12069bbbfcb.jpg,53S
2L_bot_Tgmt_0012_png.rf.2a6beb70ae56e09edc15e12069bbbfcb.jpg,8195
1L_Tgmt_0013_png.rf.cb1614f7911c152a8da1a266883785be.jpg,30G40304
1L_Tgmt_0015_png.rf.99be28503649eb3995f8561d9d2e377e.jpg,30F25697
1L_Tgmt_0017_png.rf.4f57582b0dc8477b87d319d55ef274d0.jpg,29A33928
1L_Tgmt_0020_png.rf.d05d07cf5a9cec30ec5d69937e81d8c7.jpg,30E43502
1L_Tgmt_0021_png.rf.6b502c4222eeb5f6009e5f384963fa59.jpg,30E43502
2L_top_Tgmt_0022_png.rf.6858b31503733e636dcffc3f4c92de35.jpg,29A
2L_bot_Tgmt_0022_png.rf.6858b31503733e636dcffc3f4c92de35.jpg,46294
2L_top_Tgmt_0024_png.rf.8640fcf0c450ad386e0d9a4a65039dbe.jpg,30F
2L_bot_Tgmt_0024_png.rf.8640fcf0c450ad386e0d9a4a65039dbe.jpg,46564
1L_Tgmt_0025_png.rf.69f0ac75e5f331a7e2c0fa01b1f744aa.jpg,30E43502
2L_top_Tgmt_0026_png.rf.2fbeaa4332499c5b94adc46ba13478a2.jpg,30G
2L_bot_Tgmt_0026_png.rf.2fbeaa4332499c5b94adc46ba13478a2.jpg,58236
2L_top_Tgmt_0027_png.rf.1ad95fa92cc350b4c64056bc0de55e33.jpg,29A6
2L_bot_Tgmt_0027_png.rf.1ad95fa92cc350b4c64056bc0de55e33.jpg,0225
2L_top_Tgmt_0028_png.rf.d38cb59983584f8c0a6a8c0d99101c17.jpg,30A
2L_bot_Tgmt_0028_png.rf.d38cb59983584f8c0a6a8c0d99101c17.jpg,68251
2L_top_Tgmt_0029_png.rf.b0073140cf89d32d3f7d086eb483611f.jpg,30A
2L_bot_Tgmt_0029_png.rf.b0073140cf89d32d3f7d086eb483611f.jpg,68251
2L_top_Tgmt_0030_png.rf.79b8e1957ca39a900e62d7ee9fd5af56.jpg,30F
2L_bot_Tgmt_0030_png.rf.79b8e1957ca39a900e62d7ee9fd5af56.jpg,71165
1L_Tgmt_0031_png.rf.960e43de77e8b9ad128e9da75a1d5692.jpg,30F71554
2L_top_Tgmt_0034_png.rf.85acd8399b4ca0e8ee67dfe28fcad4ca.jpg,30G
2L_bot_Tgmt_0034_png.rf.85acd8399b4ca0e8ee67dfe28fcad4ca.jpg,37213
1L_Tgmt_0036_png.rf.4e85ccc025b4b4cb0d0a2b141f6410f7.jpg,29A02343
1L_Tgmt_0037_png.rf.6e5c309c90f939e19c0c026e9677be55.jpg,90A07718
2L_top_Tgmt_0038_png.rf.d9059b656260baba05ed1e10560121ff.jpg,30G
2L_bot_Tgmt_0038_png.rf.d9059b656260baba05ed1e10560121ff.jpg,46885
1L_Tgmt_0039_png.rf.7a7ad63684d1731886b53373ea6aba75.jpg,30F32643
2L_top_Tgmt_0040_png.rf.59b1f57d628989ed7498d72cccf1d5f5.jpg,30F
2L_bot_Tgmt_0040_png.rf.59b1f57d628989ed7498d72cccf1d5f5.jpg,44101
1L_Tgmt_0041_png.rf.b6c8e7ef7f93949ac9d7411066165380.jpg,30F50483
2L_top_Tgmt_0042_png.rf.f6d7f5cfd13bacebd2dd042c2446952e.jpg,29A7
2L_bot_Tgmt_0042_png.rf.f6d7f5cfd13bacebd2dd042c2446952e.jpg,7998
2L_top_Tgmt_0043_png.rf.a438ca5bc407d01993634575e601b943.jpg,30G
2L_bot_Tgmt_0043_png.rf.a438ca5bc407d01993634575e601b943.jpg,03916
2L_top_Tgmt_0046_png.rf.2792eec9d1dbdaf3494f3d4f7ca46c99.jpg,99A
2L_bot_Tgmt_0046_png.rf.2792eec9d1dbdaf3494f3d4f7ca46c99.jpg,08929
1L_Tgmt_0048_png.rf.10185b5a0540208936c8aaf75f82e54b.jpg,56S0009
2L_top_Tgmt_0050_png.rf.3693c7852a0bc79f864a69cad95fa76e.jpg,30A
2L_bot_Tgmt_0050_png.rf.3693c7852a0bc79f864a69cad95fa76e.jpg,26583
1L_Tgmt_0052_png.rf.35aa46495c05381bd1d5b1a66b517597.jpg,30G31553
2L_top_Tgmt_0058_png.rf.037d7921a9d439cf6770bdd4f6805414.jpg,56S
2L_bot_Tgmt_0058_png.rf.037d7921a9d439cf6770bdd4f6805414.jpg,0009
2L_top_Tgmt_0059_png.rf.629c4c82f49aa4b447c1c1bfef4ac7ae.jpg,56S
2L_bot_Tgmt_0059_png.rf.629c4c82f49aa4b447c1c1bfef4ac7ae.jpg,0009
1L_Tgmt_0060_png.rf.4ca495867a8826823549aae369814931.jpg,30A04180
1L_Tgmt_0062_png.rf.04051412d907a077da1c6084b6c9314e.jpg,30A04180
1L_Tgmt_0072_png.rf.32a49eb3f9eadf9550bdbb12813977e5.jpg,90A07718
2L_top_Tgmt_0073_png.rf.4688e400efa094b11a68e79be758809c.jpg,18A
2L_bot_Tgmt_0073_png.rf.4688e400efa094b11a68e79be758809c.jpg,07826
1L_Tgmt_0074_png.rf.bc72a0870a6a9bcf0523b1d448fa3522.jpg,18A07826
2L_top_Tgmt_0076_png.rf.ae7eda213a2c1135b2ad2c417a9295fd.jpg,99A
2L_bot_Tgmt_0076_png.rf.ae7eda213a2c1135b2ad2c417a9295fd.jpg,08929
1L_Tgmt_0085_png.rf.880c5e0f96e7b7ec7ab879c5ad814f43.jpg,89C13497
2L_top_Tgmt_0086_png.rf.c0ab778f97ebdf51d9ba20cd3ca5016c.jpg,89C
2L_bot_Tgmt_0086_png.rf.c0ab778f97ebdf51d9ba20cd3ca5016c.jpg,13497
2L_top_Tgmt_0087_png.rf.4216806ddfb5b2d73b631d9903c8a0aa.jpg,89C
2L_bot_Tgmt_0087_png.rf.4216806ddfb5b2d73b631d9903c8a0aa.jpg,13497
2L_top_Tgmt_0089_png.rf.53c3b9f0b2578bc655b73a93c98975c5.jpg,88A
2L_bot_Tgmt_0089_png.rf.53c3b9f0b2578bc655b73a93c98975c5.jpg,14436
2L_top_Tgmt_0090_png.rf.1d7ff29bc163f596063637ed59b33eff.jpg,89A
2L_bot_Tgmt_0090_png.rf.1d7ff29bc163f596063637ed59b33eff.jpg,14723
2L_top_Tgmt_0091_png.rf.c8db431ced82b27c56112a38da7ada10.jpg,89C
2L_bot_Tgmt_0091_png.rf.c8db431ced82b27c56112a38da7ada10.jpg,15637
2L_top_Tgmt_0092_png.rf.52d471d118ecae62031d55d514573211.jpg,89A
2L_bot_Tgmt_0092_png.rf.52d471d118ecae62031d55d514573211.jpg,15717
2L_top_Tgmt_0096_png.rf.4ccf3597fb1f087fe5f1136d2da16e48.jpg,90A
2L_bot_Tgmt_0096_png.rf.4ccf3597fb1f087fe5f1136d2da16e48.jpg,18036
1L_Tgmt_0098_png.rf.69a1ea86ca717f9956cf30c21dd7324b.jpg,30G19663
1L_Tgmt_0099_png.rf.e36e2a1733de73dba656c934e9c4182a.jpg,30F20449
1L_Tgmt_0100_png.rf.053439f72a652c49e6482484644d7fc1.jpg,30F20449
1L_Tgmt_0102_png.rf.610e13df2bc473d819fa21b19fb31be6.jpg,34A20477
2L_top_Tgmt_0103_png.rf.2b80e33effc592eba27f6402982b65a1.jpg,30E
2L_bot_Tgmt_0103_png.rf.2b80e33effc592eba27f6402982b65a1.jpg,14499
1L_Tgmt_0105_png.rf.ef54d6d80b76e1a3dc02fbc3b4ea4b1c.jpg,89A21740
2L_top_Tgmt_0106_png.rf.3d81645cd774187786d744343b99b3f8.jpg,29A
2L_bot_Tgmt_0106_png.rf.3d81645cd774187786d744343b99b3f8.jpg,23136
1L_Tgmt_0107_png.rf.ab06088e202abec4634d3c13da5d28da.jpg,30A23451
2L_top_Tgmt_0108_png.rf.6a6c0ca9ec4a86bdb08f1f26dcf63caf.jpg,29A
2L_bot_Tgmt_0108_png.rf.6a6c0ca9ec4a86bdb08f1f26dcf63caf.jpg,25808
2L_top_Tgmt_0109_png.rf.75c1b2b9d70bec5fe01122ad0b50d348.jpg,29A2
2L_bot_Tgmt_0109_png.rf.75c1b2b9d70bec5fe01122ad0b50d348.jpg,5885
2L_top_Tgmt_0110_png.rf.301c5db049a890242f003eff02099cf4.jpg,30A2
2L_bot_Tgmt_0110_png.rf.301c5db049a890242f003eff02099cf4.jpg,6144
1L_Tgmt_0112_png.rf.db14db933e4e11ab217656b6c34ec8ef.jpg,30A26144
2L_top_Tgmt_0115_png.rf.4271fc023ffcf3684a2d727a471e5f74.jpg,19A
2L_bot_Tgmt_0115_png.rf.4271fc023ffcf3684a2d727a471e5f74.jpg,29736
2L_top_Tgmt_0116_png.rf.b35681e60c86894cceb46b5e1cd98b70.jpg,30G2
2L_bot_Tgmt_0116_png.rf.b35681e60c86894cceb46b5e1cd98b70.jpg,9750
1L_Tgmt_0117_png.rf.70ff762ea55b79cd862b973b872d8f88.jpg,98A29814
1L_Tgmt_0119_png.rf.432843f017ce71a89571202fb40af673.jpg,29C80581
2L_top_Tgmt_0121_png.rf.2f24dd2cb1155516407ca726194b25a8.jpg,30E
2L_bot_Tgmt_0121_png.rf.2f24dd2cb1155516407ca726194b25a8.jpg,32586
2L_top_Tgmt_0123_png.rf.96503ea69ecdf707363afce6c43fad7a.jpg,30G
2L_bot_Tgmt_0123_png.rf.96503ea69ecdf707363afce6c43fad7a.jpg,31697
1L_Tgmt_0126_png.rf.5c365dc38c317533a84cc6ab74ed462b.jpg,30F32659
2L_top_Tgmt_0129_png.rf.c2338a2b77aa575a301b00dd28ebd8dc.jpg,19A
2L_bot_Tgmt_0129_png.rf.c2338a2b77aa575a301b00dd28ebd8dc.jpg,32726
2L_top_Tgmt_0130_png.rf.b321c3e8eea9d1ddbd15b9744f8b8496.jpg,19A
2L_bot_Tgmt_0130_png.rf.b321c3e8eea9d1ddbd15b9744f8b8496.jpg,32726
2L_top_Tgmt_0132_png.rf.5492f648628258964c550de0cc93bb6e.jpg,30F
2L_bot_Tgmt_0132_png.rf.5492f648628258964c550de0cc93bb6e.jpg,32951
1L_Tgmt_0134_png.rf.8960948a48506c844a4012aa4c8bc207.jpg,99A33254
2L_top_Tgmt_0136_png.rf.e33de23ee9e1017a819ff4437f603637.jpg,88A
2L_bot_Tgmt_0136_png.rf.e33de23ee9e1017a819ff4437f603637.jpg,33744
2L_top_Tgmt_0138_png.rf.06e9eae4c47f10e071a888901ea9439c.jpg,30G
2L_bot_Tgmt_0138_png.rf.06e9eae4c47f10e071a888901ea9439c.jpg,37213
1L_Tgmt_0140_png.rf.0c17bfae24e344a9279820795300ba2e.jpg,30A37519
2L_top_Tgmt_0142_png.rf.ae21337809a0a9bf152858e3f07958ef.jpg,30G4
2L_bot_Tgmt_0142_png.rf.ae21337809a0a9bf152858e3f07958ef.jpg,1171
2L_top_Tgmt_0147_png.rf.b246be339447e799e633e84a6f3740b9.jpg,30A
2L_bot_Tgmt_0147_png.rf.b246be339447e799e633e84a6f3740b9.jpg,44035
2L_top_Tgmt_0148_png.rf.514d003c67e8c92b617e4f81c68ddae2.jpg,30F
2L_bot_Tgmt_0148_png.rf.514d003c67e8c92b617e4f81c68ddae2.jpg,44101
2L_top_Tgmt_0149_png.rf.f787feb8484a3ac8a332c4d0207a4988.jpg,30E
2L_bot_Tgmt_0149_png.rf.f787feb8484a3ac8a332c4d0207a4988.jpg,45676
2L_top_Tgmt_0151_png.rf.44a53652bbec52d3d22c3b766c10d6d6.jpg,29A4
2L_bot_Tgmt_0151_png.rf.44a53652bbec52d3d22c3b766c10d6d6.jpg,6511
2L_top_Tgmt_0152_png.rf.0465cefe2eb641c63a705684f8dba09c.jpg,29A
2L_bot_Tgmt_0152_png.rf.0465cefe2eb641c63a705684f8dba09c.jpg,46511
1L_Tgmt_0154_png.rf.8bae1c2227fe61fe48c94f26b4e51dbd.jpg,30G46885
2L_top_Tgmt_0155_png.rf.6fd07758f468fa4d933eee26bafd2776.jpg,30M
2L_bot_Tgmt_0155_png.rf.6fd07758f468fa4d933eee26bafd2776.jpg,4703
2L_top_Tgmt_0156_png.rf.45403b26f834b6c186f646d4dc415a4f.jpg,30A
2L_bot_Tgmt_0156_png.rf.45403b26f834b6c186f646d4dc415a4f.jpg,49689
1L_Tgmt_0157_png.rf.001f846e82a32a0cd6d10cbacc841bfe.jpg,30F50483
2L_top_Tgmt_0158_png.rf.a38fc22b870ac0944f78b137645c04c6.jpg,30F
2L_bot_Tgmt_0158_png.rf.a38fc22b870ac0944f78b137645c04c6.jpg,5204
2L_top_Tgmt_0159_png.rf.e10b9802cfffbe460c14265329408cc2.jpg,30F
2L_bot_Tgmt_0159_png.rf.e10b9802cfffbe460c14265329408cc2.jpg,5204
2L_top_Tgmt_0165_png.rf.db7bdcc8b3e05b2a8dd884be2e7697de.jpg,30F
2L_bot_Tgmt_0165_png.rf.db7bdcc8b3e05b2a8dd884be2e7697de.jpg,5204
1L_Tgmt_0170_png.rf.fe6ec4ecff888c077f6a450955a9cbf2.jpg,51G52911
2L_top_Tgmt_0172_png.rf.6f11561707b89ed1c8bee36e320a471d.jpg,30A
2L_bot_Tgmt_0172_png.rf.6f11561707b89ed1c8bee36e320a471d.jpg,54827
1L_Tgmt_0181_png.rf.d2e4794113c12cf0a47b0f5acb39a319.jpg,29A60432
2L_top_Tgmt_0185_png.rf.462e8f90fa8f4c551b91762f4b1e76e7.jpg,30G
2L_bot_Tgmt_0185_png.rf.462e8f90fa8f4c551b91762f4b1e76e7.jpg,61239
2L_top_Tgmt_0190_png.rf.8e46a50700524743bbcdf1994f17786c.jpg,29A4
2L_bot_Tgmt_0190_png.rf.8e46a50700524743bbcdf1994f17786c.jpg,6511
2L_top_Tgmt_0191_png.rf.7c06c3cedb8c92f13135021e9a0b5ec8.jpg,29C
2L_bot_Tgmt_0191_png.rf.7c06c3cedb8c92f13135021e9a0b5ec8.jpg,65227
1L_Tgmt_0192_png.rf.9b793a25777252527b2b4bab115823b3.jpg,30F65847
2L_top_Tgmt_0194_png.rf.1c75bfba725e0117fd9901b75574b1cf.jpg,29A
2L_bot_Tgmt_0194_png.rf.1c75bfba725e0117fd9901b75574b1cf.jpg,68005
1L_Tgmt_0195_png.rf.e98aee7e87f9b7b23468d2edba7778bb.jpg,30F68947
2L_top_Tgmt_0197_png.rf.05c9321dcd61b1fe2f0234691a594385.jpg,29A7
2L_bot_Tgmt_0197_png.rf.05c9321dcd61b1fe2f0234691a594385.jpg,7998
1L_Tgmt_0202_png.rf.fdc7bea5ed053f40f23cbd3e536945e6.jpg,30F85806
2L_top_Tgmt_0206_png.rf.6b839a16dd1f66fd68dbc66d985efcea.jpg,30V
2L_bot_Tgmt_0206_png.rf.6b839a16dd1f66fd68dbc66d985efcea.jpg,8692
2L_top_Tgmt_0207_png.rf.4edb45b9282bd91e2080f7e18cd4772a.jpg,30A
2L_bot_Tgmt_0207_png.rf.4edb45b9282bd91e2080f7e18cd4772a.jpg,89685
2L_top_Tgmt_0217_png.rf.511b4ccc0bab15ad7bd7a1974ef04e6a.jpg,51G
2L_bot_Tgmt_0217_png.rf.511b4ccc0bab15ad7bd7a1974ef04e6a.jpg,94303
2L_top_Tgmt_0220_png.rf.4451b13af756b97320ae983e515459fc.jpg,29A9
2L_bot_Tgmt_0220_png.rf.4451b13af756b97320ae983e515459fc.jpg,5394
2L_top_Tgmt_0221_png.rf.475e2cd0b5b773c3fc6b8e1fc304c702.jpg,30F9
2L_bot_Tgmt_0221_png.rf.475e2cd0b5b773c3fc6b8e1fc304c702.jpg,7025
2L_top_Tgmt_0231_png.rf.5939b67e50bf3fdcfb80d66fc4ef3860.jpg,30F0
2L_bot_Tgmt_0231_png.rf.5939b67e50bf3fdcfb80d66fc4ef3860.jpg,3523
2L_top_Tgmt_0235_png.rf.94646a9af0667d7913f0409446eb0926.jpg,29A
2L_bot_Tgmt_0235_png.rf.94646a9af0667d7913f0409446eb0926.jpg,04999
2L_top_Tgmt_0245_png.rf.8358c7d16f970f0ae4e6204cb564c631.jpg,36A
2L_bot_Tgmt_0245_png.rf.8358c7d16f970f0ae4e6204cb564c631.jpg,01418
1L_Tgmt_0266_png.rf.1dfe568b1c636048014a8de4e43aaf79.jpg,30F07227
1L_Tgmt_0276_png.rf.ee5972c8ec27aa37d5201abf44488f56.jpg,21A08531
1L_Tgmt_0280_png.rf.0805aabef718fb72e08c34cdda051be4.jpg,30G10428
1L_Tgmt_0299_png.rf.1344ea48c21f2f70ca32740c978f01db.jpg,30G19185
1L_Tgmt_0300_png.rf.f2fac5838c2a9ed13432e31e9218960c.jpg,24A15935
2L_top_Tgmt_0313_png.rf.856bb4bb28c3f2bdea7f0d361e8e0c91.jpg,36A
2L_bot_Tgmt_0313_png.rf.856bb4bb28c3f2bdea7f0d361e8e0c91.jpg,25649
2L_top_Tgmt_0327_png.rf.ed56c24f494af2eed824780a6b3c1c24.jpg,30A
2L_bot_Tgmt_0327_png.rf.ed56c24f494af2eed824780a6b3c1c24.jpg,34588
2L_top_Tgmt_0329_png.rf.79833267dd2edd62bf9591204f05d5e4.jpg,30G
2L_bot_Tgmt_0329_png.rf.79833267dd2edd62bf9591204f05d5e4.jpg,35392
1L_Tgmt_0334_png.rf.afe3e5b1c603053e0b903190761a0629.jpg,29A42050
1L_Tgmt_0338_png.rf.703f206901213f0b50bdf5a93079bce1.jpg,29A42050
1L_Tgmt_0339_png.rf.4b23ece3f4fbf26523cb7243b36b5cae.jpg,30G43912
1L_Tgmt_0340_png.rf.521213608115f7e7eb94e0ba7795f7eb.jpg,30F46189
2L_top_Tgmt_0346_png.rf.226224572831ebc380cc04378d4f72cf.jpg,30F
2L_bot_Tgmt_0346_png.rf.226224572831ebc380cc04378d4f72cf.jpg,49056
1L_Tgmt_0347_png.rf.988aa3b9a0c8db7c1896d76e29961548.jpg,30E49536
2L_top_Tgmt_0354_png.rf.73a203bd67c58ae402346c2b168020b4.jpg,30E6
2L_bot_Tgmt_0354_png.rf.73a203bd67c58ae402346c2b168020b4.jpg,0123
2L_top_Tgmt_0355_png.rf.8c509171c504613735c0527ae80f47b8.jpg,30F6
2L_bot_Tgmt_0355_png.rf.8c509171c504613735c0527ae80f47b8.jpg,5939
2L_top_Tgmt_0384_png.rf.0917cd90f3d3df22d58568d89e08c292.jpg,30A8
2L_bot_Tgmt_0384_png.rf.0917cd90f3d3df22d58568d89e08c292.jpg,8459
1L_Tgmt_0387_png.rf.0bf81e025c70762d08fcaa5349c28f2c.jpg,30F91149
2L_top_Tgmt_0399_png.rf.32f8398f805920659013fe33fce77407.jpg,30A
2L_bot_Tgmt_0399_png.rf.32f8398f805920659013fe33fce77407.jpg,71980
1L_Tgmt_0421_png.rf.46b10626bb1679ca378ff826ce4e9d0e.jpg,29H06737
1L_Tgmt_0424_png.rf.c29798b39dccbdca904e6c2e5e488c73.jpg,30A06829
1L_Tgmt_0426_png.rf.fc3ed2033839015d1857cb6ae3cbb71f.jpg,89A06932
2L_top_Tgmt_0435_png.rf.6d8ffa4bc8d46986758ef72d7cf77fcb.jpg,19A
2L_bot_Tgmt_0435_png.rf.6d8ffa4bc8d46986758ef72d7cf77fcb.jpg,08564
2L_top_Tgmt_0441_png.rf.5ba19945a8c68307b6538092b2f8a997.jpg,29D
2L_bot_Tgmt_0441_png.rf.5ba19945a8c68307b6538092b2f8a997.jpg,09566
2L_top_Tgmt_0459_png.rf.e8c2aed3b964ef79da5e65b71aa404f9.jpg,89A
2L_bot_Tgmt_0459_png.rf.e8c2aed3b964ef79da5e65b71aa404f9.jpg,11039
2L_top_Tgmt_0464_png.rf.67fecf7513591fd28a186c9ed6996152.jpg,30E1
2L_bot_Tgmt_0464_png.rf.67fecf7513591fd28a186c9ed6996152.jpg,2176
1L_Tgmt_0472_png.rf.2271af2583a2e4077e63f9b373d23433.jpg,29H15207
2L_top_Tgmt_0473_png.rf.c5d41051b4a19a3b47e2490daf352b44.jpg,89A
2L_bot_Tgmt_0473_png.rf.c5d41051b4a19a3b47e2490daf352b44.jpg,15939
1L_Tgmt_0518_png.rf.546ed8b3adf34fce86bb17895613c433.jpg,14A25074
2L_top_Tgmt_0523_png.rf.9ed5d21cdd265b3f8f39f2a8c9d34ce3.jpg,29A
2L_bot_Tgmt_0523_png.rf.9ed5d21cdd265b3f8f39f2a8c9d34ce3.jpg,25885
2L_top_Tgmt_0526_png.rf.0530f2f6d903589022332910f362adc0.jpg,29A
2L_bot_Tgmt_0526_png.rf.0530f2f6d903589022332910f362adc0.jpg,25885
1L_Tgmt_0532_png.rf.ec0342d2bc9bb69e97391ba7bccaf3f7.jpg,30F27580
1L_Tgmt_0541_png.rf.ba04d1e156f7a6c2a638af584489b03e.jpg,29H06845
2L_top_Tgmt_0547_png.rf.f89defb752acefa3d579e92a893c21b1.jpg,34A
2L_bot_Tgmt_0547_png.rf.f89defb752acefa3d579e92a893c21b1.jpg,31825
1L_Tgmt_0554_png.rf.a9361ca01f4e680f4a25d086899d0e94.jpg,30G34241
2L_top_Tgmt_0555_png.rf.d049a8e48d44194462662a4f7e2d857f.jpg,30E
2L_bot_Tgmt_0555_png.rf.d049a8e48d44194462662a4f7e2d857f.jpg,34411
2L_top_Tgmt_0559_png.rf.0c4bd1f80f7a361b0a62ce9720eca70a.jpg,20A
2L_bot_Tgmt_0559_png.rf.0c4bd1f80f7a361b0a62ce9720eca70a.jpg,36078
1L_Tgmt_0570_png.rf.b6cd46894b0efefc7d929a6713bb4258.jpg,30E38721
2L_top_Tgmt_0574_png.rf.3a2168f5f74b691e7fc75b8d5395e5d7.jpg,30A
2L_bot_Tgmt_0574_png.rf.3a2168f5f74b691e7fc75b8d5395e5d7.jpg,40293
1L_Tgmt_0576_png.rf.b0af9f18a4da4f1a2ddce2aa7c005f43.jpg,30G41159
2L_top_Tgmt_0581_png.rf.aae50c0caddf1d59637834e8bd2e4995.jpg,30M
2L_bot_Tgmt_0581_png.rf.aae50c0caddf1d59637834e8bd2e4995.jpg,4253
1L_Tgmt_0594_png.rf.7cf420457266490ee894c65c33f84d49.jpg,29A46319
2L_top_Tgmt_0607_png.rf.15a17fa8be877900ed972afd4d895fa3.jpg,30A
2L_bot_Tgmt_0607_png.rf.15a17fa8be877900ed972afd4d895fa3.jpg,54827
2L_top_Tgmt_0610_png.rf.62dae9890309875b8fb75aa00fd5f4f0.jpg,30F
2L_bot_Tgmt_0610_png.rf.62dae9890309875b8fb75aa00fd5f4f0.jpg,57331
2L_top_Tgmt_0622_png.rf.290af1f00d57d86f44888929ece80ec2.jpg,30A6
2L_bot_Tgmt_0622_png.rf.290af1f00d57d86f44888929ece80ec2.jpg,2043
1L_Tgmt_0624_png.rf.fcb7987a2161a88d84b831916bbb0159.jpg,30E63699
1L_Tgmt_0649_png.rf.8717f4abd86ef6da1c94a2f6c7108738.jpg,30F76935
1L_Tgmt_0659_png.rf.a138846ddd7226e8176e1fb616811fe9.jpg,29A87180
2L_top_Tgmt_0670_png.rf.faa8f847008d84ae630a270e3e02b67b.jpg,29D0
2L_bot_Tgmt_0670_png.rf.faa8f847008d84ae630a270e3e02b67b.jpg,9566
2L_top_Tgmt_0673_png.rf.3a6dca3ca360e2e94922f56f1eeebfbb.jpg,15A
2L_bot_Tgmt_0673_png.rf.3a6dca3ca360e2e94922f56f1eeebfbb.jpg,06596
1L_Tgmt_0676_png.rf.88eaee120048572ea4aab5a75825f4be.jpg,51C97363
2L_top_Tgmt_0702_png.rf.18cf3adbc2ce8a6ab570c623c9099a89.jpg,30E
2L_bot_Tgmt_0702_png.rf.18cf3adbc2ce8a6ab570c623c9099a89.jpg,02141
2L_top_Tgmt_0734_png.rf.b17c798abae7918413d93368046bf769.jpg,89A
2L_bot_Tgmt_0734_png.rf.b17c798abae7918413d93368046bf769.jpg,12327
2L_top_Tgmt_0748_png.rf.baa8fc9e80a68eb756a90c1267e61a77.jpg,30F
2L_bot_Tgmt_0748_png.rf.baa8fc9e80a68eb756a90c1267e61a77.jpg,20784
2L_top_Tgmt_0761_png.rf.7ed47722ef677dbd0579895d0f05027c.jpg,29A
2L_bot_Tgmt_0761_png.rf.7ed47722ef677dbd0579895d0f05027c.jpg,37229
2L_top_Tgmt_0816_png.rf.e243f4cc77ca12dc40add834e4b2ff35.jpg,30F
2L_bot_Tgmt_0816_png.rf.e243f4cc77ca12dc40add834e4b2ff35.jpg,51443
2L_top_Tgmt_0841_png.rf.d87f4d1976bf4f602662349290d3919c.jpg,30A
2L_bot_Tgmt_0841_png.rf.d87f4d1976bf4f602662349290d3919c.jpg,60434
2L_top_Tgmt_0843_png.rf.1c088789fbfa960f727dfc3004924628.jpg,29A
2L_bot_Tgmt_0843_png.rf.1c088789fbfa960f727dfc3004924628.jpg,60513
1L_Tgmt_0851_png.rf.c056c6bddce9327a4a50d0cc612dc519.jpg,30A63839
1L_Tgmt_0859_png.rf.17b154513f74f5d99e9a2e19f6c110ec.jpg,30E66684
1L_Tgmt_0877_png.rf.db8cadc263590fcebdb7a0dc887993c4.jpg,30F77159
2L_top_Tgmt_0881_png.rf.40ff9c129558fa35741d8ba00ac97743.jpg,30E
2L_bot_Tgmt_0881_png.rf.40ff9c129558fa35741d8ba00ac97743.jpg,77408
2L_top_Tgmt_0882_png.rf.3c85902bda7646833c6cd84f25d19175.jpg,30F
2L_bot_Tgmt_0882_png.rf.3c85902bda7646833c6cd84f25d19175.jpg,78286
2L_top_Tgmt_0913_png.rf.7e181733bd49daba43d72292f04a723d.jpg,30F
2L_bot_Tgmt_0913_png.rf.7e181733bd49daba43d72292f04a723d.jpg,99015
1L_carlong_0005_png.rf.d4511803560713e5cd3a763e61eaea51.jpg,51G51936
1L_carlong_0006_png.rf.ab3bb163762f08ba11ee1de36b4731bd.jpg,51G51936
1L_carlong_0010_png.rf.633a77ca1ed12a156a26db362a195089.jpg,52Y6490
1L_carlong_0012_png.rf.11a8952dcda5fb19e0710c502b746ed1.jpg,51G49524
1L_carlong_0013_png.rf.766baa285b3deffa6e13759c77c00385.jpg,51A96141
1L_carlong_0014_png.rf.34d086190b0363681e40adfe678ebc19.jpg,51F79512
1L_carlong_0016_png.rf.320780a78ee1f28a21c9203f4e9dc970.jpg,29A51796
1L_carlong_0023_png.rf.cfcf296025fe3f24b4687039c2168d85.jpg,51G22807
1L_carlong_0030_png.rf.75a66be379896b47ce4b834b318e3b64.jpg,47A06546
1L_carlong_0087_png.rf.862715beb72ad26c085a85b56e3bd883.jpg,61A22959
1L_carlong_0089_png.rf.04aa64bfd27c6e829978fe678d6ada9d.jpg,51G37675
1L_carlong_0101_png.rf.ee9cfa9d4fa5ae33d03c623e733243c6.jpg,51G31691
1L_carlong_0104_png.rf.22d01f2a731faaea27589f62df93cbec.jpg,51G51332
1L_carlong_0105_png.rf.82aaf101e22d3f81dcfe937c3f0183b1.jpg,51F15585
1L_carlong_0117_png.rf.c89b5ff59685df6400a1f4d96a09d04f.jpg,51G44341
1L_carlong_0118_png.rf.5eb63da59e9b9f590297ee6f887a95e7.jpg,51G44313
1L_carlong_0119_png.rf.501c33947619cdeaf8ee4a2679a2e0c2.jpg,51G47281
1L_carlong_0128_png.rf.49b602890fac07abc9d3ed68c4a39d73.jpg,51F82606
1L_carlong_0130_png.rf.f9f46901bde1fa86cef38a0b5c87ce9d.jpg,51F06532
1L_carlong_0134_png.rf.ecf5122ae78d948f4948e30513faa5c9.jpg,51G29034
1L_carlong_0174_png.rf.58c910211a58a6e56e19f4202a8d439b.jpg,51G31691
2L_top_carlong_0223_png.rf.9c92b73ae602df0ac09e3a308069c5bd.jpg,51F
2L_bot_carlong_0223_png.rf.9c92b73ae602df0ac09e3a308069c5bd.jpg,59881
1L_carlong_0227_png.rf.fd22c0d79f6a967a40972980a45e1018.jpg,51G39466
1L_carlong_0229_png.rf.228a33116b8bfaff1abd1d14669ca32e.jpg,51F07973
1L_carlong_0232_png.rf.b1712d5b5863923cfca0838cb3721521.jpg,51G42971
1L_carlong_0237_png.rf.ade2c1c41c54461d67c68fbbf369eadb.jpg,51F63034
1L_carlong_0242_png.rf.55951498bb141bd23c47eb62aa67b2e1.jpg,51F06609
1L_carlong_0243_png.rf.d994d71782d7863ac2a8f52246a203fb.jpg,51A89714
1L_carlong_0245_png.rf.7a81ca4d015110c32c7b35ecd8881d1b.jpg,51A89714
1L_carlong_0246_png.rf.5999b17344af62e4b6da0f8828055bd5.jpg,51G22237
1L_carlong_0248_png.rf.dcad899060c5792662cce0583a13e198.jpg,60A03868
1L_carlong_0252_png.rf.3324354a36b969fff788d0dc4de51eec.jpg,51F44614
1L_carlong_0254_png.rf.13c648ecf5d393cb82ff039c3612b19c.jpg,51G3775
1L_carlong_0260_png.rf.85e2b5b63113333c0d188fe09156e675.jpg,51F22261
1L_carlong_0266_png.rf.ac3909cb3606c1b58acc460de6fdd4d0.jpg,51F07568
1L_carlong_0267_png.rf.e0cce04be1e12ec6851780a4f0e3efc1.jpg,51A90905
1L_carlong_0268_png.rf.0015a2eec8d96eb7cf95e9e85abf7bd1.jpg,51G00672
1L_carlong_0271_png.rf.f28b816683801b145417b7b249fe5eec.jpg,51F57493
1L_carlong_0273_png.rf.252ae4cc8b939264054a701a0227cdd5.jpg,51G31691
1L_carlong_0275_png.rf.bde642fdd27d08c450b865e621fc35be.jpg,51A02923
1L_carlong_0278_png.rf.c53f9853c1f778fb9700cb45cf6561d2.jpg,51G31691
1L_carlong_0279_png.rf.a4ab9feb92e030e6cc2f1b868f2689b4.jpg,51A16598
1L_carlong_0280_png.rf.fe3de6e5a6acdf7b7422889db5e5584d.jpg,48A05177
1L_carlong_0301_png.rf.9f8cbb1432c22ca206c614b1911177d7.jpg,51F06532
1L_carlong_0338_png.rf.8ca866e483271f87907ba7121d7abe15.jpg,51G31691
1L_carlong_0355_png.rf.92c5926eea99f79d7b41f38890d20a89.jpg,51A77529
1L_carlong_0373_png.rf.dcbae85c7e7e1cc69c48247dda3b4b96.jpg,51F22029
1L_carlong_0442_png.rf.f907282a013cc8b48c99bc88933874cd.jpg,51F22029
1L_carlong_0443_png.rf.7706699d661950a578e334883abb4d89.jpg,51F22029
1L_carlong_0446_png.rf.6b81b33c4237ffc1ccf30a4cdc972673.jpg,51G01440
1L_carlong_0461_png.rf.b8a34356ff4debdff7359a798a74e87e.jpg,51F63034
1L_carlong_0464_png.rf.53ad1110e28e746834a8bc1331c12550.jpg,61A22959
1L_carlong_0465_png.rf.6468f075051cac76dc3afeb3dd0283ef.jpg,51G10209
1L_carlong_0466_png.rf.2fa11a6a45ee62388efceaf818ae4f27.jpg,51G37307
1L_carlong_0467_png.rf.f3791187816c3ed8f44edd0d13cdd5bd.jpg,51A60216
1L_carlong_0471_png.rf.e28de3a88414298a8e0ce5e733e387cb.jpg,51F44614
1L_carlong_0472_png.rf.25030e52d214563d8132ba36dc970cdb.jpg,51F44614
1L_carlong_0473_png.rf.62806e2f8ab69d672665ff3002326af5.jpg,51A60216
1L_carlong_0474_png.rf.75a6c298ec5ee1277ec7422843472b69.jpg,62A05195
1L_carlong_0475_png.rf.acd08b82617a9c106d76040044e635a5.jpg,51F24403
1L_carlong_0477_png.rf.f52db3509faf11d3cb4a48c862a76363.jpg,51A69172
1L_carlong_0481_png.rf.221bee1c56b23b0ca5a28453e1772bdb.jpg,51G51332
1L_carlong_0482_png.rf.1756793efaee72e33e0c95a6b8ca53ee.jpg,51F15585
1L_carlong_0483_png.rf.f01057f6d9ec53beb807208acdfd7465.jpg,51F22261
1L_carlong_0488_png.rf.a0f38ce4e1c07b9cea771d549e5a7ee3.jpg,51F59011
1L_carlong_0489_png.rf.9b81d45e8e70a26f12e72e8afe9107dc.jpg,61A30001
1L_carlong_0491_png.rf.79d2e659f051cb04cac76594b1f6f013.jpg,51F02687
1L_carlong_0493_png.rf.1ef61012ce9c8d71e951b96d6adcf400.jpg,51G51008
1L_carlong_0494_png.rf.6dd7f8a6ffcc8831d334759e23c88b87.jpg,56N0666
1L_carlong_0506_png.rf.848a9f3bffa34142de29b2081366a41b.jpg,51G42861
1L_carlong_0595_png.rf.92517a41f328c85a8a14060b20a156f9.jpg,61A39534
1L_carlong_0618_png.rf.3cc201d215e97b1ad5a7ab864d074a34.jpg,51A69172
1L_carlong_0643_png.rf.e5e807dbd83b8fb29f7c1ff591136933.jpg,48A05177
1L_carlong_0683_png.rf.9b4977ecf4e6709880be58793605137b.jpg,51A55433
1L_carlong_0685_png.rf.0c9d6bbf82abe5e06039441a7be67876.jpg,30E00090
1L_carlong_0687_png.rf.7cda57e7b328d8112aac6959de5d0618.jpg,51F63034
1L_carlong_0689_png.rf.0cb39fd4e295a1f9e23e97ece4d3d337.jpg,51A69172
1L_carlong_0692_png.rf.e31adb3023d06c22cdaff232f3b2b1bb.jpg,51G51008
1L_carlong_0694_png.rf.78d3896e335ea4a864ef189ede5996bb.jpg,51F35613
1L_carlong_0697_png.rf.9952221ceed6ae0a2ad31d0045b65cfe.jpg,51A96141
1L_carlong_0704_png.rf.9c9d02f74fa614110c67c99b77139187.jpg,51G51332
1L_carlong_0706_png.rf.296ba2ee4469112ba13cab70888ab8fd.jpg,51F15585
1L_carlong_0708_png.rf.5750f1bf5b6d7f64729e101163e17c19.jpg,51F15585
1L_carlong_0710_png.rf.8a1291e551e7cba7642545642c897e02.jpg,51G51332
1L_carlong_0713_png.rf.4101f8480eb96fc31c1e9f8398bf8882.jpg,29A51796
1L_carlong_0715_png.rf.9ca250f37cab3a9ea2be84712a56378d.jpg,51F04877
1L_carlong_0718_png.rf.e4013f42f7e319685c37676cf66443b4.jpg,51F59011
1L_carlong_0719_png.rf.d4d1effb35b6490c2492a389537f1f36.jpg,51G20536
1L_carlong_0724_png.rf.541c76db88968c4c27449566bbd19da4.jpg,51F21255
1L_carlong_0726_png.rf.243724d2dcc72fefdb6c7bcb7a73d6e0.jpg,51F69259
1L_carlong_0730_png.rf.bff29a735162be4d0fb7836bbf5516b9.jpg,51F15585
1L_carlong_0734_png.rf.dd3318d9362e19f9f9a40145de71c20c.jpg,51F15585
1L_carlong_0736_png.rf.33a149f51adca7eb048444d4fd062db2.jpg,51G48154
1L_carlong_0738_png.rf.061885360cf0cdcd551d7e2541c8d074.jpg,51F77836
1L_carlong_0740_png.rf.c41283b80a417ce84071ea6f6748e017.jpg,51F98466
1L_carlong_0744_png.rf.4184d7774c98847f83b3d6cf83dca036.jpg,51F21255
1L_carlong_0745_png.rf.6522d66fce1a18116c4996508623c0fe.jpg,51F27809
1L_carlong_0747_png.rf.97190cf6ff5b496b9d2eeec0f8f9b3b6.jpg,51G20536
1L_carlong_0749_png.rf.bbf62c304aeb8cbb3a0db681b4da8cd2.jpg,30V3993
1L_carlong_0828_png.rf.33eaafc066998c32066fcf38b00986ab.jpg,29A23950
1L_carlong_0830_png.rf.c7764442af83e1470dc6e1abc63a0b01.jpg,51G48154
1L_carlong_0840_png.rf.e600e1b3e86b63aff2df17521165c73d.jpg,51F27809
1L_carlong_0844_png.rf.3cc6e11f79fb59aa050a1c546067f1eb.jpg,51A96141
1L_carlong_0847_png.rf.d9db55e6d9e3242370e51df2af25a725.jpg,60A39951
1L_carlong_0876_png.rf.acedfa1facc200185475221ac84d5a18.jpg,51G10096
1L_carlong_0887_png.rf.2c1ce78902359ff10251a8fbdb7053c0.jpg,51A05227
1L_carlong_0888_png.rf.82376ce16efed3c36e2513cf4510aa3b.jpg,51F59881
1L_carlong_0889_png.rf.33d4da01250894b72c666ca858d77c66.jpg,51F59881
1L_carlong_0890_png.rf.f1472906dab5f8652a483f4d9187d2bc.jpg,51A01204
1L_carlong_0892_png.rf.cee11d15e9e014dc9ee166d96364927a.jpg,51F07973
2L_top_carlong_0893_png.rf.1548c21ec33c6f2e077064177252a115.jpg,51F
2L_bot_carlong_0893_png.rf.1548c21ec33c6f2e077064177252a115.jpg,61712
1L_carlong_0895_png.rf.82b784cb8ffa88ce02ab896f0753650f.jpg,51F88270
1L_carlong_0896_png.rf.042767f4775b35ab95728e1a4582ff2b.jpg,51F86988
1L_carlong_0897_png.rf.6ffc7b35b0c81f680333d684b49981aa.jpg,51A69172
1L_carlong_0898_png.rf.f6758eb3104e645740316406a6d76e28.jpg,61A22959
1L_carlong_0899_png.rf.67bea0abc9ae96dce7b59010775222bd.jpg,51G10209
1L_carlong_0901_png.rf.0efb8bda205c1fe0857ee7a529a70c2c.jpg,51G51008
1L_carlong_0902_png.rf.b1c4e1b67c0f502867f146184e88db53.jpg,51F24403
1L_carlong_0905_png.rf.a3d2fd6c65cc6f210b0fcf7b5d7b8136.jpg,51F15585
1L_carlong_0906_png.rf.0ded64249840f96cea338e8df5e8cc18.jpg,51F22261
1L_carlong_0908_png.rf.2c8cbaa31a81591250b423515af51b28.jpg,51F59011
1L_carlong_0924_png.rf.edf35eba9ad1cbc63d6b856ff331f2e6.jpg,51G37307
1L_carlong_0925_png.rf.3c45712c0ba2039b41b5a1ddbcee52d4.jpg,51F06532
1L_carlong_0926_png.rf.d9c774d87a1e6f722688b5caef1ea5a1.jpg,51A72078
1L_carlong_0927_png.rf.d970dd036bcae4b5bba506fe69fab0af.jpg,51A77529
2L_top_greenpack_0002_png.rf.f3c9ae739ae965af365d718091410167.jpg,59E1
2L_bot_greenpack_0002_png.rf.f3c9ae739ae965af365d718091410167.jpg,21500
2L_top_greenpack_0005_png.rf.efdf56feae533bcbb16703833ebe3af5.jpg,59T1
2L_bot_greenpack_0005_png.rf.efdf56feae533bcbb16703833ebe3af5.jpg,08264
2L_top_greenpack_0006_png.rf.ec38452ab7e75aa874c8dd10adefee07.jpg,59T1
2L_bot_greenpack_0006_png.rf.ec38452ab7e75aa874c8dd10adefee07.jpg,08264
2L_top_greenpack_0007_png.rf.9cda17afbaa298875f082c707386aa09.jpg,52U
2L_bot_greenpack_0007_png.rf.9cda17afbaa298875f082c707386aa09.jpg,78693
2L_top_greenpack_0008_png.rf.7b29c48a6202f9266868ed4ba4a6d831.jpg,59F1
2L_bot_greenpack_0008_png.rf.7b29c48a6202f9266868ed4ba4a6d831.jpg,68955
2L_top_greenpack_0009_png.rf.d1e9e9d6fdb5293d6f55129027cea25d.jpg,63B9
2L_bot_greenpack_0009_png.rf.d1e9e9d6fdb5293d6f55129027cea25d.jpg,57926
2L_top_greenpack_0015_png.rf.3323755e60c94f52a80c98f9600b287a.jpg,59C1
2L_bot_greenpack_0015_png.rf.3323755e60c94f52a80c98f9600b287a.jpg,65331
2L_top_greenpack_0016_png.rf.581a67f86a29146ce9f71d784f07f133.jpg,59U1
2L_bot_greenpack_0016_png.rf.581a67f86a29146ce9f71d784f07f133.jpg,39619
2L_top_greenpack_0023_png.rf.ad3d84ef525ac4479b8bea644dc7c919.jpg,59F1
2L_bot_greenpack_0023_png.rf.ad3d84ef525ac4479b8bea644dc7c919.jpg,07509
2L_top_greenpack_0024_png.rf.f1bc649619cc32f712c650c22df669b0.jpg,63B9
2L_bot_greenpack_0024_png.rf.f1bc649619cc32f712c650c22df669b0.jpg,57926
2L_top_greenpack_0025_png.rf.d332af2bd97cd5a5468440ac76d0abaf.jpg,60X
2L_bot_greenpack_0025_png.rf.d332af2bd97cd5a5468440ac76d0abaf.jpg,46482
2L_top_greenpack_0053_png.rf.378fcec45618edbefa311c32e11e061d.jpg,68H7
2L_bot_greenpack_0053_png.rf.378fcec45618edbefa311c32e11e061d.jpg,4213
2L_top_greenpack_0056_png.rf.9fae0c9ede1c44d44051ac9d21720514.jpg,62V1
2L_bot_greenpack_0056_png.rf.9fae0c9ede1c44d44051ac9d21720514.jpg,6814
2L_top_greenpack_0057_png.rf.0bebd8a54ed6dbbfc857bcaf00817631.jpg,52H9
2L_bot_greenpack_0057_png.rf.0bebd8a54ed6dbbfc857bcaf00817631.jpg,9892
2L_top_greenpack_0058_png.rf.e39f4dc7a3cef04c094cf33046e679dd.jpg,68H7
2L_bot_greenpack_0058_png.rf.e39f4dc7a3cef04c094cf33046e679dd.jpg,4213
2L_top_greenpack_0059_png.rf.80ca707bd53b97276aa49607a0050ca0.jpg,59T1
2L_bot_greenpack_0059_png.rf.80ca707bd53b97276aa49607a0050ca0.jpg,88808
2L_top_greenpack_0061_png.rf.aa32084753fb4ee76607a3ad205d94f4.jpg,59C1
2L_bot_greenpack_0061_png.rf.aa32084753fb4ee76607a3ad205d94f4.jpg,62293
2L_top_greenpack_0062_png.rf.dc8a6e5e50dd280795289ae631305b30.jpg,59U1
2L_bot_greenpack_0062_png.rf.dc8a6e5e50dd280795289ae631305b30.jpg,39619
2L_top_greenpack_0065_png.rf.cb0e18ac50fd129a8afeab8839fd0bee.jpg,59C1
2L_bot_greenpack_0065_png.rf.cb0e18ac50fd129a8afeab8839fd0bee.jpg,16274
2L_top_greenpack_0071_png.rf.013915f33077fee6dba2115004e1081d.jpg,54L2
2L_bot_greenpack_0071_png.rf.013915f33077fee6dba2115004e1081d.jpg,4264
2L_top_greenpack_0073_png.rf.23f15a430bea22743d0eac2534274dc5.jpg,59B1
2L_bot_greenpack_0073_png.rf.23f15a430bea22743d0eac2534274dc5.jpg,35199
2L_top_greenpack_0076_png.rf.47fde966e6564573dae116f07535c218.jpg,59P1
2L_bot_greenpack_0076_png.rf.47fde966e6564573dae116f07535c218.jpg,52934
2L_top_greenpack_0080_png.rf.2608f65123deff41be07e8dd9d8c7971.jpg,59G1
2L_bot_greenpack_0080_png.rf.2608f65123deff41be07e8dd9d8c7971.jpg,98907
2L_top_greenpack_0082_png.rf.5693c47409e3487fe1b14a3b101314c3.jpg,59L1
2L_bot_greenpack_0082_png.rf.5693c47409e3487fe1b14a3b101314c3.jpg,97457
2L_top_greenpack_0087_png.rf.7d0816979774c53f8c03fdfb6fb79fb1.jpg,59F1
2L_bot_greenpack_0087_png.rf.7d0816979774c53f8c03fdfb6fb79fb1.jpg,70424
2L_top_greenpack_0089_png.rf.878ca6467c9cad43651041e90abaa7db.jpg,65F1
2L_bot_greenpack_0089_png.rf.878ca6467c9cad43651041e90abaa7db.jpg,31532
2L_top_greenpack_0091_png.rf.322ed573d9c5da3c20872a7edead0bc9.jpg,59X2
2L_bot_greenpack_0091_png.rf.322ed573d9c5da3c20872a7edead0bc9.jpg,68327
2L_top_greenpack_0094_png.rf.1e307246168e753461ef615bf801bd2b.jpg,94H4
2L_bot_greenpack_0094_png.rf.1e307246168e753461ef615bf801bd2b.jpg,1831
2L_top_greenpack_0095_png.rf.6a1411ed9964e46d392272fee2b24ad4.jpg,54X4
2L_bot_greenpack_0095_png.rf.6a1411ed9964e46d392272fee2b24ad4.jpg,5969
2L_top_greenpack_0096_png.rf.08ffed26f774d588328f8eeb8a8b0595.jpg,59S2
2L_bot_greenpack_0096_png.rf.08ffed26f774d588328f8eeb8a8b0595.jpg,16555
2L_top_greenpack_0097_png.rf.d1dd1383ca1003dd29ee9aeca158d51a.jpg,51L
2L_bot_greenpack_0097_png.rf.d1dd1383ca1003dd29ee9aeca158d51a.jpg,73998
2L_top_greenpack_0101_png.rf.e68129a07920ed212328bf82c2adea28.jpg,59U1
2L_bot_greenpack_0101_png.rf.e68129a07920ed212328bf82c2adea28.jpg,59897
2L_top_greenpack_0104_png.rf.d156c32dcfd8371938b87f8d81740d20.jpg,59S2
2L_bot_greenpack_0104_png.rf.d156c32dcfd8371938b87f8d81740d20.jpg,36623
2L_top_greenpack_0105_png.rf.93d45462eb0a13c90f84cb50e36dc9ba.jpg,59F1
2L_bot_greenpack_0105_png.rf.93d45462eb0a13c90f84cb50e36dc9ba.jpg,38151
2L_top_greenpack_0106_png.rf.215fa75f8523b5eacf7daa2d4199c54c.jpg,59S2
2L_bot_greenpack_0106_png.rf.215fa75f8523b5eacf7daa2d4199c54c.jpg,16555
2L_top_greenpack_0110_png.rf.bb1e23ea65b59e5f79619f14703890a7.jpg,59U1
2L_bot_greenpack_0110_png.rf.bb1e23ea65b59e5f79619f14703890a7.jpg,59897
2L_top_greenpack_0115_png.rf.3c64a4b56b5238969bd8939d7c88c387.jpg,59M1
2L_bot_greenpack_0115_png.rf.3c64a4b56b5238969bd8939d7c88c387.jpg,53561
2L_top_greenpack_0117_png.rf.f76aec801cf3fca25221bbf5420f356e.jpg,59S1
2L_bot_greenpack_0117_png.rf.f76aec801cf3fca25221bbf5420f356e.jpg,31386
2L_top_greenpack_0118_png.rf.8c88e1928faad3c721ebfacd08dcb684.jpg,59S2
2L_bot_greenpack_0118_png.rf.8c88e1928faad3c721ebfacd08dcb684.jpg,36623
2L_top_greenpack_0119_png.rf.70d36f36817c0953a7438ccc91286540.jpg,63Y1
2L_bot_greenpack_0119_png.rf.70d36f36817c0953a7438ccc91286540.jpg,0200
2L_top_greenpack_0121_png.rf.2f794ffacf846feb929d6226b6705d56.jpg,67L1
2L_bot_greenpack_0121_png.rf.2f794ffacf846feb929d6226b6705d56.jpg,06669
2L_top_greenpack_0126_png.rf.4ab0aea91e1cf88e1fad72a213a26b14.jpg,71S3
2L_bot_greenpack_0126_png.rf.4ab0aea91e1cf88e1fad72a213a26b14.jpg,5011
2L_top_greenpack_0127_png.rf.7f4137f99c9a051bfba4164f13a1662e.jpg,60B8
2L_bot_greenpack_0127_png.rf.7f4137f99c9a051bfba4164f13a1662e.jpg,13705
2L_top_greenpack_0131_png.rf.b7a96c4ba577f37fc643ff116106feea.jpg,59X1
2L_bot_greenpack_0131_png.rf.b7a96c4ba577f37fc643ff116106feea.jpg,54497
2L_top_greenpack_0132_png.rf.d5c9382b0f2e94be1a14a494eaae90f4.jpg,59N2
2L_bot_greenpack_0132_png.rf.d5c9382b0f2e94be1a14a494eaae90f4.jpg,09050
2L_top_greenpack_0133_png.rf.c0f1846bbe0194a7a993d5cfd97e2be2.jpg,59S2
2L_bot_greenpack_0133_png.rf.c0f1846bbe0194a7a993d5cfd97e2be2.jpg,35205
2L_top_greenpack_0135_png.rf.97aeb03105b9ad7185ef28c18a3d44aa.jpg,59F1
2L_bot_greenpack_0135_png.rf.97aeb03105b9ad7185ef28c18a3d44aa.jpg,38151
2L_top_greenpack_0137_png.rf.4848f58356e385646667dba99201d3fa.jpg,59H1
2L_bot_greenpack_0137_png.rf.4848f58356e385646667dba99201d3fa.jpg,62281
2L_top_greenpack_0142_png.rf.8bb8d3933c3dafb6a09e9676aae44496.jpg,59S1
2L_bot_greenpack_0142_png.rf.8bb8d3933c3dafb6a09e9676aae44496.jpg,31386
2L_top_greenpack_0155_png.rf.e19dbd53aeca1ce1c69e050d3979f97e.jpg,86H7
2L_bot_greenpack_0155_png.rf.e19dbd53aeca1ce1c69e050d3979f97e.jpg,9591
2L_top_greenpack_0157_png.rf.84f04eda41ff13192e9fd6a801597205.jpg,59F1
2L_bot_greenpack_0157_png.rf.84f04eda41ff13192e9fd6a801597205.jpg,20158
2L_top_greenpack_0161_png.rf.c192a760f5b33bdf4efafa29f20d0f09.jpg,59U1
2L_bot_greenpack_0161_png.rf.c192a760f5b33bdf4efafa29f20d0f09.jpg,25418
2L_top_greenpack_0162_png.rf.72def7b6ada77ef5a586dee9cde73adc.jpg,59L2
2L_bot_greenpack_0162_png.rf.72def7b6ada77ef5a586dee9cde73adc.jpg,27560
2L_top_greenpack_0163_png.rf.1efeaa9a45312c00481f42259511270c.jpg,59D1
2L_bot_greenpack_0163_png.rf.1efeaa9a45312c00481f42259511270c.jpg,62787
2L_top_greenpack_0165_png.rf.549aee401042c7f739cc1af23045a000.jpg,47B1
2L_bot_greenpack_0165_png.rf.549aee401042c7f739cc1af23045a000.jpg,42872
2L_top_greenpack_0166_png.rf.98ccb52946c7e5e57d476555d15136f8.jpg,59G1
2L_bot_greenpack_0166_png.rf.98ccb52946c7e5e57d476555d15136f8.jpg,33671
2L_top_greenpack_0169_png.rf.6dad085b956775d5981c8935be380f64.jpg,60B7
2L_bot_greenpack_0169_png.rf.6dad085b956775d5981c8935be380f64.jpg,34176
2L_top_greenpack_0170_png.rf.c27f6a76bc80ec254a67d55d0f8173be.jpg,76D1
2L_bot_greenpack_0170_png.rf.c27f6a76bc80ec254a67d55d0f8173be.jpg,24027
2L_top_greenpack_0171_png.rf.d2a1b5bef2a95900ab56901ea469916b.jpg,59B1
2L_bot_greenpack_0171_png.rf.d2a1b5bef2a95900ab56901ea469916b.jpg,00002
2L_top_greenpack_0174_png.rf.f1c92af22ea88cef86546dd711d111a1.jpg,54S8
2L_bot_greenpack_0174_png.rf.f1c92af22ea88cef86546dd711d111a1.jpg,9169
2L_top_greenpack_0176_png.rf.3d3c7c0e59f9fe0eb51f6fdf69ebbb98.jpg,59U1
2L_bot_greenpack_0176_png.rf.3d3c7c0e59f9fe0eb51f6fdf69ebbb98.jpg,35226
2L_top_greenpack_0181_png.rf.473d99cd20ab164dfd49cb3d84f6e567.jpg,51S8
2L_bot_greenpack_0181_png.rf.473d99cd20ab164dfd49cb3d84f6e567.jpg,4605
2L_top_greenpack_0182_png.rf.d237bbfd0bbb73d0395d6028e7133683.jpg,59P1
2L_bot_greenpack_0182_png.rf.d237bbfd0bbb73d0395d6028e7133683.jpg,33202
2L_top_greenpack_0183_png.rf.4ed9a254537da0d726c6bca5bdfc9858.jpg,59U1
2L_bot_greenpack_0183_png.rf.4ed9a254537da0d726c6bca5bdfc9858.jpg,66141
2L_top_greenpack_0188_png.rf.cdb57ae7fe5813fdb26092d1a25d8aa6.jpg,79T2
2L_bot_greenpack_0188_png.rf.cdb57ae7fe5813fdb26092d1a25d8aa6.jpg,6658
2L_top_greenpack_0195_png.rf.bc2e5be242a3060c6f42cf73c716dd8a.jpg,66P1
2L_bot_greenpack_0195_png.rf.bc2e5be242a3060c6f42cf73c716dd8a.jpg,5739
2L_top_greenpack_0199_png.rf.8e904342e1793827afdbd7476dfbbc0f.jpg,47B1
2L_bot_greenpack_0199_png.rf.8e904342e1793827afdbd7476dfbbc0f.jpg,42872
2L_top_greenpack_0202_png.rf.b49f1f18ae6a3ffdbbd6395f6d5c59e9.jpg,59H1
2L_bot_greenpack_0202_png.rf.b49f1f18ae6a3ffdbbd6395f6d5c59e9.jpg,46704
2L_top_greenpack_0203_png.rf.dee2df5047444e4b0e369add32e41131.jpg,54U5
2L_bot_greenpack_0203_png.rf.dee2df5047444e4b0e369add32e41131.jpg,7001
2L_top_greenpack_0205_png.rf.b2aed5e1e57b8b518bba7dd73ab735db.jpg,59B1
2L_bot_greenpack_0205_png.rf.b2aed5e1e57b8b518bba7dd73ab735db.jpg,31149
2L_top_greenpack_0207_png.rf.92fa65cd2c5704dc0654b7ed6ab5ea82.jpg,59D1
2L_bot_greenpack_0207_png.rf.92fa65cd2c5704dc0654b7ed6ab5ea82.jpg,49489
2L_top_greenpack_0208_png.rf.e6ae141958766c1e72966e6600d020b7.jpg,59P2
2L_bot_greenpack_0208_png.rf.e6ae141958766c1e72966e6600d020b7.jpg,29729
2L_top_greenpack_0212_png.rf.ac38cde34433279b4e70e987078de38f.jpg,59C1
2L_bot_greenpack_0212_png.rf.ac38cde34433279b4e70e987078de38f.jpg,49744
2L_top_greenpack_0214_png.rf.5d6d95be6d3da88e990051cf6c611e06.jpg,54T5
2L_bot_greenpack_0214_png.rf.5d6d95be6d3da88e990051cf6c611e06.jpg,6168
2L_top_greenpack_0215_png.rf.b37d1a48ca7d7b49ce457fe7950230b2.jpg,54V5
2L_bot_greenpack_0215_png.rf.b37d1a48ca7d7b49ce457fe7950230b2.jpg,8964
2L_top_greenpack_0219_png.rf.8d9b73ea6de20a356add9f04f080c094.jpg,59U1
2L_bot_greenpack_0219_png.rf.8d9b73ea6de20a356add9f04f080c094.jpg,01985
2L_top_greenpack_0224_png.rf.bd7bb8ad5b207806402dd7c90046ef6a.jpg,67B1
2L_bot_greenpack_0224_png.rf.bd7bb8ad5b207806402dd7c90046ef6a.jpg,40833
2L_top_greenpack_0226_png.rf.32e879c2cc8d29958afadce463de6f99.jpg,59F1
2L_bot_greenpack_0226_png.rf.32e879c2cc8d29958afadce463de6f99.jpg,47488
2L_top_greenpack_0227_png.rf.491db57dee16ea41e6ddb257a2a53dbc.jpg,76G1
2L_bot_greenpack_0227_png.rf.491db57dee16ea41e6ddb257a2a53dbc.jpg,12000
2L_top_greenpack_0230_png.rf.50ee993d8bfef1ec94d1106dc1ff0bd1.jpg,59V1
2L_bot_greenpack_0230_png.rf.50ee993d8bfef1ec94d1106dc1ff0bd1.jpg,58723
2L_top_greenpack_0231_png.rf.1ec4ec3595ac33e2cf25ab5f3beb2a79.jpg,54T3
2L_bot_greenpack_0231_png.rf.1ec4ec3595ac33e2cf25ab5f3beb2a79.jpg,0255
2L_top_greenpack_0232_png.rf.bab95cbe79709059dfa923b85f1a4ceb.jpg,59X1
2L_bot_greenpack_0232_png.rf.bab95cbe79709059dfa923b85f1a4ceb.jpg,60210
2L_top_greenpack_0238_png.rf.a411dbf42d4893023ebbfb43c246be42.jpg,59C1
2L_bot_greenpack_0238_png.rf.a411dbf42d4893023ebbfb43c246be42.jpg,23968
2L_top_greenpack_0240_png.rf.93850654fe0c05ca5c4d58be4383ba50.jpg,60B1
2L_bot_greenpack_0240_png.rf.93850654fe0c05ca5c4d58be4383ba50.jpg,86436
2L_top_greenpack_0244_png.rf.3cfe59b66d2d17b1e07ed70990d23f9a.jpg,61C1
2L_bot_greenpack_0244_png.rf.3cfe59b66d2d17b1e07ed70990d23f9a.jpg,06403
2L_top_greenpack_0248_png.rf.a86b130ea0896c723db7611c3968190c.jpg,59E1
2L_bot_greenpack_0248_png.rf.a86b130ea0896c723db7611c3968190c.jpg,64141
2L_top_greenpack_0249_png.rf.7a96b2c2688ad4ccf5278bbe571447c2.jpg,72F1
2L_bot_greenpack_0249_png.rf.7a96b2c2688ad4ccf5278bbe571447c2.jpg,20741
2L_top_greenpack_0250_png.rf.bda5b29c5ed9d75601ce53b6e4083c1e.jpg,76V6
2L_bot_greenpack_0250_png.rf.bda5b29c5ed9d75601ce53b6e4083c1e.jpg,3429
2L_top_greenpack_0251_png.rf.f500be9139b19705fe64f00b891edfe0.jpg,76D1
2L_bot_greenpack_0251_png.rf.f500be9139b19705fe64f00b891edfe0.jpg,24027
2L_top_greenpack_0252_png.rf.7ce46466f2214b02e97d5172588ddcf7.jpg,59L2
2L_bot_greenpack_0252_png.rf.7ce46466f2214b02e97d5172588ddcf7.jpg,02084
2L_top_greenpack_0253_png.rf.e2a30db721ef78e18f014efeeba74811.jpg,76D1
2L_bot_greenpack_0253_png.rf.e2a30db721ef78e18f014efeeba74811.jpg,24027
2L_top_greenpack_0255_png.rf.c9c0e22e30be2005177c60cf8d4e6202.jpg,84K5
2L_bot_greenpack_0255_png.rf.c9c0e22e30be2005177c60cf8d4e6202.jpg,1618
2L_top_greenpack_0256_png.rf.7531506d06c0c6ea6c0994d8b381a3d7.jpg,59F1
2L_bot_greenpack_0256_png.rf.7531506d06c0c6ea6c0994d8b381a3d7.jpg,14760
2L_top_greenpack_0257_png.rf.704bcea1f5590ac33ccc8d81ef4f87ed.jpg,54S8
2L_bot_greenpack_0257_png.rf.704bcea1f5590ac33ccc8d81ef4f87ed.jpg,9169
2L_top_greenpack_0260_png.rf.2630ab809232b4aa83b4c05118a19397.jpg,59T1
2L_bot_greenpack_0260_png.rf.2630ab809232b4aa83b4c05118a19397.jpg,03506
2L_top_greenpack_0263_png.rf.2ce32b8b27ae12d5a5b810fdf55e0fa4.jpg,60Y7
2L_bot_greenpack_0263_png.rf.2ce32b8b27ae12d5a5b810fdf55e0fa4.jpg,3914
2L_top_greenpack_0267_png.rf.4adc968c4d69c20fd4d3923098c63448.jpg,51L8
2L_bot_greenpack_0267_png.rf.4adc968c4d69c20fd4d3923098c63448.jpg,2105
2L_top_greenpack_0268_png.rf.6bf34c12e84796b055a938a2f9a5a904.jpg,59D1
2L_bot_greenpack_0268_png.rf.6bf34c12e84796b055a938a2f9a5a904.jpg,49489
2L_top_greenpack_0273_png.rf.790d667cf000ff8206de90e4c35a6f94.jpg,59M1
2L_bot_greenpack_0273_png.rf.790d667cf000ff8206de90e4c35a6f94.jpg,21704
2L_top_greenpack_0274_png.rf.02ff7b5e3314a744372950921840ec8f.jpg,59C1
2L_bot_greenpack_0274_png.rf.02ff7b5e3314a744372950921840ec8f.jpg,05899
2L_top_greenpack_0276_png.rf.96eb4499d60a88e3852feaef1ea2500f.jpg,60C2
2L_bot_greenpack_0276_png.rf.96eb4499d60a88e3852feaef1ea2500f.jpg,32301
2L_top_greenpack_0278_png.rf.bd2688fafcdf61e4ccb515f145202ac4.jpg,59C2
2L_bot_greenpack_0278_png.rf.bd2688fafcdf61e4ccb515f145202ac4.jpg,44011
2L_top_greenpack_0286_png.rf.109f11e2853499aa831276333053abb0.jpg,63B1
2L_bot_greenpack_0286_png.rf.109f11e2853499aa831276333053abb0.jpg,38786
2L_top_greenpack_0288_png.rf.9b4af9f8dffe2c398988bfc7533345a8.jpg,54Y3
2L_bot_greenpack_0288_png.rf.9b4af9f8dffe2c398988bfc7533345a8.jpg,8211
2L_top_greenpack_0289_png.rf.134723940000f1b398573344b6bda720.jpg,59P1
2L_bot_greenpack_0289_png.rf.134723940000f1b398573344b6bda720.jpg,87149
2L_top_greenpack_0290_png.rf.8c901e362aa660482ce2c4a69a734c5a.jpg,60B5
2L_bot_greenpack_0290_png.rf.8c901e362aa660482ce2c4a69a734c5a.jpg,23822
2L_top_greenpack_0301_png.rf.9ffcf7784b9d226c82d050301ae42c25.jpg,54L3
2L_bot_greenpack_0301_png.rf.9ffcf7784b9d226c82d050301ae42c25.jpg,9902
2L_top_greenpack_0302_png.rf.04544317c999d9d0bcbcda6034331ed5.jpg,52F3
2L_bot_greenpack_0302_png.rf.04544317c999d9d0bcbcda6034331ed5.jpg,9280
2L_top_greenpack_0307_png.rf.015b86d83bfeed5df55b94db1350543f.jpg,67F1
2L_bot_greenpack_0307_png.rf.015b86d83bfeed5df55b94db1350543f.jpg,11317
2L_top_greenpack_0308_png.rf.f4053e14568c332c8e60a87e1a8c8059.jpg,62L1
2L_bot_greenpack_0308_png.rf.f4053e14568c332c8e60a87e1a8c8059.jpg,22767
2L_top_greenpack_0315_png.rf.aed26d5e1429d029e875b8af3733ac98.jpg,59Y1
2L_bot_greenpack_0315_png.rf.aed26d5e1429d029e875b8af3733ac98.jpg,60811
2L_top_greenpack_0319_png.rf.9d713efbd5fe808cb8527dbece65b1bb.jpg,85B1
2L_bot_greenpack_0319_png.rf.9d713efbd5fe808cb8527dbece65b1bb.jpg,17851
2L_top_greenpack_0321_png.rf.59dd841cb87494f02d587f7adfb02476.jpg,70B1
2L_bot_greenpack_0321_png.rf.59dd841cb87494f02d587f7adfb02476.jpg,47189
2L_top_greenpack_0322_png.rf.41d3a86070f7a06003c41b0babc85472.jpg,59V2
2L_bot_greenpack_0322_png.rf.41d3a86070f7a06003c41b0babc85472.jpg,43954
2L_top_greenpack_0323_png.rf.74e6b9014b898c1e19e89684b7f663b7.jpg,59D1
2L_bot_greenpack_0323_png.rf.74e6b9014b898c1e19e89684b7f663b7.jpg,46288
2L_top_greenpack_0325_png.rf.00151a060c3e5837411180a6c9270f3a.jpg,59P2
2L_bot_greenpack_0325_png.rf.00151a060c3e5837411180a6c9270f3a.jpg,31316
2L_top_greenpack_0326_png.rf.2b99fadbfd3ddf78e2f88a7fbeae0d61.jpg,59E1
2L_bot_greenpack_0326_png.rf.2b99fadbfd3ddf78e2f88a7fbeae0d61.jpg,25297
2L_top_greenpack_0327_png.rf.f3d5643c91d200251ece39c2b5359827.jpg,59S2
2L_bot_greenpack_0327_png.rf.f3d5643c91d200251ece39c2b5359827.jpg,20617
2L_top_greenpack_0328_png.rf.40d0ee2d76554ec230237873b3de2597.jpg,59E1
2L_bot_greenpack_0328_png.rf.40d0ee2d76554ec230237873b3de2597.jpg,68973
2L_top_greenpack_0330_png.rf.9bdc9f007083d45a6c5411d2857c0ff1.jpg,59P1
2L_bot_greenpack_0330_png.rf.9bdc9f007083d45a6c5411d2857c0ff1.jpg,55811
2L_top_greenpack_0331_png.rf.fa48edbfe2151008eebfe7ea92404301.jpg,59C2
2L_bot_greenpack_0331_png.rf.fa48edbfe2151008eebfe7ea92404301.jpg,01909
2L_top_greenpack_0333_png.rf.0ec44f1d601392b602e3e32a2ad7a2d2.jpg,59T1
2L_bot_greenpack_0333_png.rf.0ec44f1d601392b602e3e32a2ad7a2d2.jpg,55500
2L_top_greenpack_0334_png.rf.bb4b5fd0785a3b5fd7dd43451dbe06e0.jpg,77C1
2L_bot_greenpack_0334_png.rf.bb4b5fd0785a3b5fd7dd43451dbe06e0.jpg,39373
2L_top_greenpack_0335_png.rf.47d7af61412d59a36c209b5ab5a7afa4.jpg,93P1
2L_bot_greenpack_0335_png.rf.47d7af61412d59a36c209b5ab5a7afa4.jpg,17409
2L_top_greenpack_0337_png.rf.fc6bec4e25823c9e8c4c2a36de8a293e.jpg,66P1
2L_bot_greenpack_0337_png.rf.fc6bec4e25823c9e8c4c2a36de8a293e.jpg,5967
2L_top_greenpack_0341_png.rf.5759a2fb670982ab67a3a0ee349b9763.jpg,54P1
2L_bot_greenpack_0341_png.rf.5759a2fb670982ab67a3a0ee349b9763.jpg,1782
2L_top_greenpack_0349_png.rf.5943e0cf5505d4d6af477546d2fa89f6.jpg,59N2
2L_bot_greenpack_0349_png.rf.5943e0cf5505d4d6af477546d2fa89f6.jpg,72061
2L_top_greenpack_0350_png.rf.58077658b657e45ffa9bec0fefeffc71.jpg,59T1
2L_bot_greenpack_0350_png.rf.58077658b657e45ffa9bec0fefeffc71.jpg,53668
2L_top_greenpack_0356_png.rf.26579cbeabb12d481bbc931f1e2e3125.jpg,59P2
2L_bot_greenpack_0356_png.rf.26579cbeabb12d481bbc931f1e2e3125.jpg,30351
2L_top_greenpack_0359_png.rf.92ab56df561946b05b8d448c2cb419f3.jpg,59N1
2L_bot_greenpack_0359_png.rf.92ab56df561946b05b8d448c2cb419f3.jpg,18063
2L_top_greenpack_0362_png.rf.4689a81dd01f7ab5decaaaf08806b990.jpg,54S1
2L_bot_greenpack_0362_png.rf.4689a81dd01f7ab5decaaaf08806b990.jpg,4959
2L_top_greenpack_0363_png.rf.b33fcc53cf5abe70e49ab53443440226.jpg,85B1
2L_bot_greenpack_0363_png.rf.b33fcc53cf5abe70e49ab53443440226.jpg,17851
2L_top_greenpack_0367_png.rf.2645f24ab8aad9c8abccb99bfcc107ea.jpg,59E1
2L_bot_greenpack_0367_png.rf.2645f24ab8aad9c8abccb99bfcc107ea.jpg,08058
2L_top_greenpack_0368_png.rf.b0119d6b255889a31d3e8373719dc466.jpg,59S1
2L_bot_greenpack_0368_png.rf.b0119d6b255889a31d3e8373719dc466.jpg,68287
2L_top_greenpack_0374_png.rf.6860cb1cceb39fd5c19247a2aae0590f.jpg,59K1
2L_bot_greenpack_0374_png.rf.6860cb1cceb39fd5c19247a2aae0590f.jpg,65072
2L_top_greenpack_0377_png.rf.eee1c330330a521951be61ab30c33110.jpg,59T1
2L_bot_greenpack_0377_png.rf.eee1c330330a521951be61ab30c33110.jpg,62133
2L_top_greenpack_0379_png.rf.dd5fe0c567e10ea612765553586588a2.jpg,65S2
2L_bot_greenpack_0379_png.rf.dd5fe0c567e10ea612765553586588a2.jpg,1319
2L_top_greenpack_0380_png.rf.df8931dd8627adb7fd8b3138925c09de.jpg,85F1
2L_bot_greenpack_0380_png.rf.df8931dd8627adb7fd8b3138925c09de.jpg,14927
2L_top_greenpack_0387_png.rf.717b45c8c06c62eea9a13f8305837e5b.jpg,72L8
2L_bot_greenpack_0387_png.rf.717b45c8c06c62eea9a13f8305837e5b.jpg,6035
2L_top_greenpack_0390_png.rf.efc39ce38139ea3d1bbf0c5ad2b8b5ff.jpg,59T1
2L_bot_greenpack_0390_png.rf.efc39ce38139ea3d1bbf0c5ad2b8b5ff.jpg,56987
2L_top_greenpack_0404_png.rf.b2e566b90142eea4982c7d9e7cffc969.jpg,59T1
2L_bot_greenpack_0404_png.rf.b2e566b90142eea4982c7d9e7cffc969.jpg,01439
2L_top_greenpack_0405_png.rf.b8f0c30c4e24b9027faff0518f4c2616.jpg,66P1
2L_bot_greenpack_0405_png.rf.b8f0c30c4e24b9027faff0518f4c2616.jpg,5967
2L_top_greenpack_0415_png.rf.d29517f9d54e8c8771b743248a8adb94.jpg,54L6
2L_bot_greenpack_0415_png.rf.d29517f9d54e8c8771b743248a8adb94.jpg,4897
2L_top_greenpack_0434_png.rf.deb1079059d8347d86328c7eadb90477.jpg,59C1
2L_bot_greenpack_0434_png.rf.deb1079059d8347d86328c7eadb90477.jpg,48275
2L_top_greenpack_0435_png.rf.36233bad51f8b6c7d5d98fc94bbf3c66.jpg,70L1
2L_bot_greenpack_0435_png.rf.36233bad51f8b6c7d5d98fc94bbf3c66.jpg,37096
2L_top_greenpack_0436_png.rf.e4721ae5a2ff440d1c95453c87e0bf73.jpg,59P1
2L_bot_greenpack_0436_png.rf.e4721ae5a2ff440d1c95453c87e0bf73.jpg,89267
2L_top_greenpack_0437_png.rf.0f580669eb93d4b0607450dd7d9d334b.jpg,54X2
2L_bot_greenpack_0437_png.rf.0f580669eb93d4b0607450dd7d9d334b.jpg,6487
2L_top_greenpack_0448_png.rf.0ab95c78d187f979118aaca860a298a4.jpg,59S2
2L_bot_greenpack_0448_png.rf.0ab95c78d187f979118aaca860a298a4.jpg,41737
2L_top_greenpack_0449_png.rf.82ba92fc90e6e096ba239d7cb4c502e1.jpg,53R8
2L_bot_greenpack_0449_png.rf.82ba92fc90e6e096ba239d7cb4c502e1.jpg,8556
2L_top_greenpack_0462_png.rf.3423f8870d5acdbc886c986f876e7f74.jpg,54S7
2L_bot_greenpack_0462_png.rf.3423f8870d5acdbc886c986f876e7f74.jpg,3211
2L_top_greenpack_0465_png.rf.ec5bf0489b3096fe8499dfff34e41ee3.jpg,49M7
2L_bot_greenpack_0465_png.rf.ec5bf0489b3096fe8499dfff34e41ee3.jpg,1975
2L_top_greenpack_0487_png.rf.03d28f9419a26c2561c6243e954d7785.jpg,49B1
2L_bot_greenpack_0487_png.rf.03d28f9419a26c2561c6243e954d7785.jpg,20807
2L_top_greenpack_0488_png.rf.eb0850790c05953db7353c252a936324.jpg,62V1
2L_bot_greenpack_0488_png.rf.eb0850790c05953db7353c252a936324.jpg,6814
2L_top_greenpack_0505_png.rf.8ca091a90e8af94607942677684b07af.jpg,66K1
2L_bot_greenpack_0505_png.rf.8ca091a90e8af94607942677684b07af.jpg,20670
2L_top_greenpack_0560_png.rf.0a7aed7053069045d38da7d511f721e6.jpg,59F1
2L_bot_greenpack_0560_png.rf.0a7aed7053069045d38da7d511f721e6.jpg,03055
2L_top_greenpack_0561_png.rf.6b2a636899a82ce2c0abb6c4615546a6.jpg,59E1
2L_bot_greenpack_0561_png.rf.6b2a636899a82ce2c0abb6c4615546a6.jpg,64516
2L_top_greenpack_0568_png.rf.eb7d090d06f62590bad0db515952257b.jpg,59F1
2L_bot_greenpack_0568_png.rf.eb7d090d06f62590bad0db515952257b.jpg,03568
2L_top_greenpack_0583_png.rf.440c2b3149ddfa4a8bd9a215656f7446.jpg,59S1
2L_bot_greenpack_0583_png.rf.440c2b3149ddfa4a8bd9a215656f7446.jpg,95382
2L_top_greenpack_0589_png.rf.37159e8e4e7569b53661a4b996fc6e69.jpg,78E1
2L_bot_greenpack_0589_png.rf.37159e8e4e7569b53661a4b996fc6e69.jpg,24113
2L_top_greenpack_0679_png.rf.f632dd9222b18735ca7dc07d6aedea42.jpg,59H1
2L_bot_greenpack_0679_png.rf.f632dd9222b18735ca7dc07d6aedea42.jpg,67791
2L_top_greenpack_0680_png.rf.3fb5c8b850df0bd8b2e95b21dadc4864.jpg,53Z
2L_bot_greenpack_0680_png.rf.3fb5c8b850df0bd8b2e95b21dadc4864.jpg,11759
2L_top_greenpack_0683_png.rf.bd992dd0f0ef114dcd1a15edfebb7588.jpg,71B1
2L_bot_greenpack_0683_png.rf.bd992dd0f0ef114dcd1a15edfebb7588.jpg,12522
2L_top_greenpack_0699_png.rf.205de007b95048c09de3732c468fbf3c.jpg,68X1
2L_bot_greenpack_0699_png.rf.205de007b95048c09de3732c468fbf3c.jpg,21002
2L_top_greenpack_0706_png.rf.21216979514c3375584165e24f2da3c2.jpg,52P2
2L_bot_greenpack_0706_png.rf.21216979514c3375584165e24f2da3c2.jpg,0878
2L_top_greenpack_0710_png.rf.b6e05bf46bad369709b7eeef98e0fe49.jpg,54P8
2L_bot_greenpack_0710_png.rf.b6e05bf46bad369709b7eeef98e0fe49.jpg,3069
2L_top_greenpack_0719_png.rf.c1d3f9fbebf6cb5d31f6c6e16cf29ad3.jpg,59S1
2L_bot_greenpack_0719_png.rf.c1d3f9fbebf6cb5d31f6c6e16cf29ad3.jpg,55483
2L_top_greenpack_0726_png.rf.ac82e6ae4dfd4ce71cf2f4b58d3ea9f5.jpg,59L2
2L_bot_greenpack_0726_png.rf.ac82e6ae4dfd4ce71cf2f4b58d3ea9f5.jpg,32473
2L_top_greenpack_0727_png.rf.9a29d63a8e5cd61b6ea33af3d4c76b94.jpg,77L1
2L_bot_greenpack_0727_png.rf.9a29d63a8e5cd61b6ea33af3d4c76b94.jpg,00895
2L_top_greenpack_0728_png.rf.25a1ae3f7aa578821f7a621ee06817dc.jpg,60B3
2L_bot_greenpack_0728_png.rf.25a1ae3f7aa578821f7a621ee06817dc.jpg,37846
2L_top_greenpack_0729_png.rf.e5bbdd15739f087d5c05db9cbcaaa311.jpg,51H5
2L_bot_greenpack_0729_png.rf.e5bbdd15739f087d5c05db9cbcaaa311.jpg,8092
2L_top_greenpack_0730_png.rf.8ae5a90cfa50ecf5a857a0337bd1926c.jpg,66P1
2L_bot_greenpack_0730_png.rf.8ae5a90cfa50ecf5a857a0337bd1926c.jpg,5739
2L_top_greenpack_0732_png.rf.34487638bd2107eca15f34652f164aeb.jpg,54K
2L_bot_greenpack_0732_png.rf.34487638bd2107eca15f34652f164aeb.jpg,16483
2L_top_greenpack_0733_png.rf.837baed4620e65de006f79e871f5d8ca.jpg,54F3
2L_bot_greenpack_0733_png.rf.837baed4620e65de006f79e871f5d8ca.jpg,0096
2L_top_greenpack_0736_png.rf.764ff6a788b103e21feef08cabe11af5.jpg,59B1
2L_bot_greenpack_0736_png.rf.764ff6a788b103e21feef08cabe11af5.jpg,38559
2L_top_greenpack_0740_png.rf.2cf7c88093deea41e26309fe30f3711e.jpg,59F1
2L_bot_greenpack_0740_png.rf.2cf7c88093deea41e26309fe30f3711e.jpg,47404
2L_top_greenpack_0741_png.rf.b4734c6c82059c921577764d7e1f63b4.jpg,54L
2L_bot_greenpack_0741_png.rf.b4734c6c82059c921577764d7e1f63b4.jpg,36961
2L_top_greenpack_0743_png.rf.562218a67c5cdc36a77a5c2a9cddcf1e.jpg,59U1
2L_bot_greenpack_0743_png.rf.562218a67c5cdc36a77a5c2a9cddcf1e.jpg,51771
2L_top_greenpack_0751_png.rf.ae094505963aff8c1863756b418a6333.jpg,54U4
2L_bot_greenpack_0751_png.rf.ae094505963aff8c1863756b418a6333.jpg,6484
2L_top_greenpack_0753_png.rf.f379198e045fc47560b4fa12993c33ae.jpg,60B8
2L_bot_greenpack_0753_png.rf.f379198e045fc47560b4fa12993c33ae.jpg,49928
2L_top_greenpack_0754_png.rf.0abd05faf263cef924641a377f6b3130.jpg,49E1
2L_bot_greenpack_0754_png.rf.0abd05faf263cef924641a377f6b3130.jpg,15383
2L_top_greenpack_0755_png.rf.3dc3def14b8ba952c857e903da4b0615.jpg,54Z1
2L_bot_greenpack_0755_png.rf.3dc3def14b8ba952c857e903da4b0615.jpg,2997
2L_top_greenpack_0757_png.rf.053e4ac125d0d772452a7f78897bbf88.jpg,59V1
2L_bot_greenpack_0757_png.rf.053e4ac125d0d772452a7f78897bbf88.jpg,09869
2L_top_greenpack_0763_png.rf.938528f025975fa2c09f89c88620ca13.jpg,52S2
2L_bot_greenpack_0763_png.rf.938528f025975fa2c09f89c88620ca13.jpg,4832
2L_top_greenpack_0764_png.rf.daafb94d6ab70d4d55f9abdc0925b265.jpg,77H1
2L_bot_greenpack_0764_png.rf.daafb94d6ab70d4d55f9abdc0925b265.jpg,19025
2L_top_greenpack_0765_png.rf.d9dd829eb1c0aaea18d927ae871c3857.jpg,60Z7
2L_bot_greenpack_0765_png.rf.d9dd829eb1c0aaea18d927ae871c3857.jpg,7813
2L_top_greenpack_0767_png.rf.fd86a8754c90dfb04898d435128a9233.jpg,63B1
2L_bot_greenpack_0767_png.rf.fd86a8754c90dfb04898d435128a9233.jpg,40991
2L_top_greenpack_0768_png.rf.ab21ad0d9b7c9a1282a59b420e7ce6a0.jpg,55P4
2L_bot_greenpack_0768_png.rf.ab21ad0d9b7c9a1282a59b420e7ce6a0.jpg,8831
2L_top_greenpack_0769_png.rf.8aee5e0383fd93d22fa0487d86f33018.jpg,59P1
2L_bot_greenpack_0769_png.rf.8aee5e0383fd93d22fa0487d86f33018.jpg,92893
2L_top_greenpack_0777_png.rf.9dcf1887bba6f8cb97f484f3173973fb.jpg,60B9
2L_bot_greenpack_0777_png.rf.9dcf1887bba6f8cb97f484f3173973fb.jpg,38385
2L_top_greenpack_0779_png.rf.da471575e995ff6395105ef8dfc6a1b7.jpg,55Y1
2L_bot_greenpack_0779_png.rf.da471575e995ff6395105ef8dfc6a1b7.jpg,9833
2L_top_greenpack_0780_png.rf.9fdb6e421be3e1d57ec58992777a8b97.jpg,59H1
2L_bot_greenpack_0780_png.rf.9fdb6e421be3e1d57ec58992777a8b97.jpg,52512
2L_top_greenpack_0781_png.rf.bfe7385d4e6427891eaeaf95cb9cb2b5.jpg,54Y9
2L_bot_greenpack_0781_png.rf.bfe7385d4e6427891eaeaf95cb9cb2b5.jpg,9149
2L_top_greenpack_0782_png.rf.6f56fdf45797f3ae186f435bf1f41218.jpg,59Z1
2L_bot_greenpack_0782_png.rf.6f56fdf45797f3ae186f435bf1f41218.jpg,20681
2L_top_greenpack_0783_png.rf.200c89984854e5d33c4eca60b8910912.jpg,54T1
2L_bot_greenpack_0783_png.rf.200c89984854e5d33c4eca60b8910912.jpg,9588
2L_top_greenpack_0784_png.rf.5982bb931c2a45f53613655a7e6b03f7.jpg,59S2
2L_bot_greenpack_0784_png.rf.5982bb931c2a45f53613655a7e6b03f7.jpg,11998
2L_top_greenpack_0790_png.rf.2f412677e3cfe0b4457582cc0bd997cd.jpg,54U5
2L_bot_greenpack_0790_png.rf.2f412677e3cfe0b4457582cc0bd997cd.jpg,7119
2L_top_greenpack_0791_png.rf.90658896bb6fc2da0591ad709200faa1.jpg,59G1
2L_bot_greenpack_0791_png.rf.90658896bb6fc2da0591ad709200faa1.jpg,85820
2L_top_greenpack_0792_png.rf.3f8f19cba6a009bb3da1afd2e476af96.jpg,49E1
2L_bot_greenpack_0792_png.rf.3f8f19cba6a009bb3da1afd2e476af96.jpg,15383
2L_top_greenpack_0793_png.rf.1828aea4dd6ed5aaf7e33dc3f6186262.jpg,59Y1
2L_bot_greenpack_0793_png.rf.1828aea4dd6ed5aaf7e33dc3f6186262.jpg,91982
2L_top_greenpack_0794_png.rf.655e9b175789e0c9ff319af81f417f5e.jpg,61G1
2L_bot_greenpack_0794_png.rf.655e9b175789e0c9ff319af81f417f5e.jpg,25122
2L_top_greenpack_0798_png.rf.7661dd00cf0aff01eee9aab36ddc1100.jpg,59P2
2L_bot_greenpack_0798_png.rf.7661dd00cf0aff01eee9aab36ddc1100.jpg,08324
2L_top_greenpack_0800_png.rf.e388e7397bf2aa67e2e00f42b5b9ea3e.jpg,51S5
2L_bot_greenpack_0800_png.rf.e388e7397bf2aa67e2e00f42b5b9ea3e.jpg,0082
2L_top_greenpack_0802_png.rf.93f2d661118bb0cefb5cd5ec6d6dc8d4.jpg,59L1
2L_bot_greenpack_0802_png.rf.93f2d661118bb0cefb5cd5ec6d6dc8d4.jpg,138266
2L_top_greenpack_0803_png.rf.830413031a8643013ab6b6a5925f8f7e.jpg,59P1
2L_bot_greenpack_0803_png.rf.830413031a8643013ab6b6a5925f8f7e.jpg,97255
2L_top_greenpack_0804_png.rf.fbd19bee4b87177e79b0bdf664e9dc2e.jpg,59P1
2L_bot_greenpack_0804_png.rf.fbd19bee4b87177e79b0bdf664e9dc2e.jpg,24497
2L_top_greenpack_0805_png.rf.d8c7ec9b79371729c3b0de91c8d35299.jpg,63B6
2L_bot_greenpack_0805_png.rf.d8c7ec9b79371729c3b0de91c8d35299.jpg,13421
2L_top_greenpack_0806_png.rf.5631b837eb2a9b702272ece3cdd52bb6.jpg,59F1
2L_bot_greenpack_0806_png.rf.5631b837eb2a9b702272ece3cdd52bb6.jpg,42819
2L_top_greenpack_0807_png.rf.2ba992a359fc96616ba29d611ea244ea.jpg,76U1
2L_bot_greenpack_0807_png.rf.2ba992a359fc96616ba29d611ea244ea.jpg,13938
2L_top_greenpack_0808_png.rf.37b24f2fd346a8397660fa25e81b18fa.jpg,54P2
2L_bot_greenpack_0808_png.rf.37b24f2fd346a8397660fa25e81b18fa.jpg,8057
2L_top_greenpack_0809_png.rf.b801e674050e3bbc8a9ec18afb1b246a.jpg,95E1
2L_bot_greenpack_0809_png.rf.b801e674050e3bbc8a9ec18afb1b246a.jpg,17763
2L_top_greenpack_0814_png.rf.baab68a0de5ac244fb30a901c779a62b.jpg,59L2
2L_bot_greenpack_0814_png.rf.baab68a0de5ac244fb30a901c779a62b.jpg,31395
2L_top_greenpack_0815_png.rf.578edd13e085f8680f7a817d637469fa.jpg,59H1
2L_bot_greenpack_0815_png.rf.578edd13e085f8680f7a817d637469fa.jpg,19466
2L_top_greenpack_0821_png.rf.efbd3118fa3cc2d30c7d83e5f32d0329.jpg,59Z1
2L_bot_greenpack_0821_png.rf.efbd3118fa3cc2d30c7d83e5f32d0329.jpg,13930
2L_top_greenpack_0947_png.rf.d30a1f53fca5de454b25f6f42061b00c.jpg,59X2
2L_bot_greenpack_0947_png.rf.d30a1f53fca5de454b25f6f42061b00c.jpg,55150
2L_top_greenpack_0948_png.rf.52914dde677fa5622af1c8ce7bea0d81.jpg,59C1
2L_bot_greenpack_0948_png.rf.52914dde677fa5622af1c8ce7bea0d81.jpg,13696
2L_top_greenpack_0949_png.rf.7a0cce7db3e360512181d5340d51cbe2.jpg,59L2
2L_bot_greenpack_0949_png.rf.7a0cce7db3e360512181d5340d51cbe2.jpg,31318
2L_top_greenpack_0951_png.rf.d5646938d8d3a0f8c8dacfc561217691.jpg,93K1
2L_bot_greenpack_0951_png.rf.d5646938d8d3a0f8c8dacfc561217691.jpg,14005
2L_top_greenpack_0952_png.rf.3f5359588e03fabf0eadf65f3d29a82d.jpg,59B1
2L_bot_greenpack_0952_png.rf.3f5359588e03fabf0eadf65f3d29a82d.jpg,33576
2L_top_greenpack_0954_png.rf.2fb26b633f27b26e13aa61869ddde951.jpg,59P1
2L_bot_greenpack_0954_png.rf.2fb26b633f27b26e13aa61869ddde951.jpg,85700
2L_top_greenpack_0956_png.rf.4021d1e2135bfde94bad247b4e6dc4d6.jpg,59U1
2L_bot_greenpack_0956_png.rf.4021d1e2135bfde94bad247b4e6dc4d6.jpg,84366
2L_top_greenpack_0959_png.rf.a442cce7b36d743e018e7895dd83729b.jpg,54S9
2L_bot_greenpack_0959_png.rf.a442cce7b36d743e018e7895dd83729b.jpg,0621
2L_top_greenpack_0960_png.rf.005203ee396857b2dce438a088eeb2e7.jpg,59H1
2L_bot_greenpack_0960_png.rf.005203ee396857b2dce438a088eeb2e7.jpg,15793
2L_top_greenpack_0961_png.rf.5cb0397efe5cbd8c1213af56ac4c44e7.jpg,66P1
2L_bot_greenpack_0961_png.rf.5cb0397efe5cbd8c1213af56ac4c44e7.jpg,51993
2L_top_greenpack_0962_png.rf.300010736301d1fd37d1f3ae68755c05.jpg,53V7
2L_bot_greenpack_0962_png.rf.300010736301d1fd37d1f3ae68755c05.jpg,3196
2L_top_greenpack_0963_png.rf.8f87f2686b26c5cf7bb6f15e510e13e0.jpg,54H3
2L_bot_greenpack_0963_png.rf.8f87f2686b26c5cf7bb6f15e510e13e0.jpg,5581
2L_top_greenpack_0964_png.rf.108fcdd172e23c65ebda70b5654e5fe4.jpg,51L6
2L_bot_greenpack_0964_png.rf.108fcdd172e23c65ebda70b5654e5fe4.jpg,8446
2L_top_greenpack_0965_png.rf.fc9029aa84129f89287a13a7dd6543d9.jpg,67N1
2L_bot_greenpack_0965_png.rf.fc9029aa84129f89287a13a7dd6543d9.jpg,20886
2L_top_greenpack_0966_png.rf.8d5e80ed998233cd9d8291039d376ec9.jpg,51L5
2L_bot_greenpack_0966_png.rf.8d5e80ed998233cd9d8291039d376ec9.jpg,4520
2L_top_greenpack_0967_png.rf.8400da43753c6218f0beea7ad42d3c23.jpg,59C2
2L_bot_greenpack_0967_png.rf.8400da43753c6218f0beea7ad42d3c23.jpg,28114
2L_top_greenpack_0971_png.rf.82c1f51f3361a70edfe7cd506a9325a4.jpg,54S8
2L_bot_greenpack_0971_png.rf.82c1f51f3361a70edfe7cd506a9325a4.jpg,5452
2L_top_greenpack_0972_png.rf.9b866737131813f603301f6807a37494.jpg,59L2
2L_bot_greenpack_0972_png.rf.9b866737131813f603301f6807a37494.jpg,31395
2L_top_greenpack_0973_png.rf.fdc9006e9c09963842a7cbb5efe714f7.jpg,67M5
2L_bot_greenpack_0973_png.rf.fdc9006e9c09963842a7cbb5efe714f7.jpg,9687
2L_top_greenpack_0974_png.rf.28e373cf455ea9618c891a0739778085.jpg,71B2
2L_bot_greenpack_0974_png.rf.28e373cf455ea9618c891a0739778085.jpg,07999
2L_top_greenpack_0975_png.rf.3ec9d16547559ad1c3e6cf868d8c3b67.jpg,60B1
2L_bot_greenpack_0975_png.rf.3ec9d16547559ad1c3e6cf868d8c3b67.jpg,49139
2L_top_greenpack_0976_png.rf.6306cfb30bb6ae5e14cdb31dad6a5af5.jpg,54S8
2L_bot_greenpack_0976_png.rf.6306cfb30bb6ae5e14cdb31dad6a5af5.jpg,5452
2L_top_greenpack_0978_png.rf.6b090859960f0e9137af7241e8b3a7aa.jpg,37E1
2L_bot_greenpack_0978_png.rf.6b090859960f0e9137af7241e8b3a7aa.jpg,19145
2L_top_greenpack_0979_png.rf.90f755eff207ba9f532b46e8ec5515e2.jpg,59H1
2L_bot_greenpack_0979_png.rf.90f755eff207ba9f532b46e8ec5515e2.jpg,47751
2L_top_greenpack_0981_png.rf.de667a2aa9d356a67496d8624b62fd1b.jpg,79K1
2L_bot_greenpack_0981_png.rf.de667a2aa9d356a67496d8624b62fd1b.jpg,02061
2L_top_greenpack_0982_png.rf.48eed014adb5117eb26aeb1c8b5dc914.jpg,59P2
2L_bot_greenpack_0982_png.rf.48eed014adb5117eb26aeb1c8b5dc914.jpg,32334
2L_top_greenpack_0986_png.rf.57186f5b3bcb11034b6006a113e74b27.jpg,59P1
2L_bot_greenpack_0986_png.rf.57186f5b3bcb11034b6006a113e74b27.jpg,78999
2L_top_greenpack_0987_png.rf.f4aa6b257ff19124bf6742be886007d1.jpg,59D1
2L_bot_greenpack_0987_png.rf.f4aa6b257ff19124bf6742be886007d1.jpg,98276
2L_top_greenpack_0988_png.rf.0cc2d3a083cbaa71850467a44569e9db.jpg,55Y4
2L_bot_greenpack_0988_png.rf.0cc2d3a083cbaa71850467a44569e9db.jpg,8437
2L_top_greenpack_0989_png.rf.d0b543cc3755c6818f277dc04df8f3ed.jpg,61S4
2L_bot_greenpack_0989_png.rf.d0b543cc3755c6818f277dc04df8f3ed.jpg,0134
2L_top_greenpack_0990_png.rf.0a5d8711c84fb4aa73afda0727a61774.jpg,54F4
2L_bot_greenpack_0990_png.rf.0a5d8711c84fb4aa73afda0727a61774.jpg,5279
2L_top_greenpack_0991_png.rf.4f87360b605fcc04dc669c5f4605d3b0.jpg,59M1
2L_bot_greenpack_0991_png.rf.4f87360b605fcc04dc669c5f4605d3b0.jpg,90208
2L_top_greenpack_0992_png.rf.98267e9dca26a5d3e76c005521bc6c11.jpg,59F1
2L_bot_greenpack_0992_png.rf.98267e9dca26a5d3e76c005521bc6c11.jpg,49759
2L_top_greenpack_0993_png.rf.3c78648fbd2234f289ae6531d613ef8f.jpg,54S5
2L_bot_greenpack_0993_png.rf.3c78648fbd2234f289ae6531d613ef8f.jpg,4463
2L_top_greenpack_0998_png.rf.68248498a79e141a0a62283944241c7f.jpg,59T1
2L_bot_greenpack_0998_png.rf.68248498a79e141a0a62283944241c7f.jpg,65671
2L_top_greenpack_0999_png.rf.5af2ebee6cdae5c9c989ac46e2390a7a.jpg,52Z6
2L_bot_greenpack_0999_png.rf.5af2ebee6cdae5c9c989ac46e2390a7a.jpg,7766
2L_top_greenpack_1000_png.rf.18d24c6bf12021beb12a7a2c9763dbed.jpg,53S
2L_bot_greenpack_1000_png.rf.18d24c6bf12021beb12a7a2c9763dbed.jpg,39152
2L_top_greenpack_1004_png.rf.f12ffe67fd44f04b2d407a73c00722ae.jpg,59C2
2L_bot_greenpack_1004_png.rf.f12ffe67fd44f04b2d407a73c00722ae.jpg,31601
2L_top_greenpack_1005_png.rf.79f14eca8a1c72b25dfe1693c07f5fec.jpg,62H5
2L_bot_greenpack_1005_png.rf.79f14eca8a1c72b25dfe1693c07f5fec.jpg,7108
2L_top_greenpack_1006_png.rf.114fdf7686c0625f4e1c7ad3c4089848.jpg,93F1
2L_bot_greenpack_1006_png.rf.114fdf7686c0625f4e1c7ad3c4089848.jpg,17078
2L_top_greenpack_1007_png.rf.d229095a8900de368767aa291722c8ef.jpg,71B1
2L_bot_greenpack_1007_png.rf.d229095a8900de368767aa291722c8ef.jpg,97914
2L_top_greenpack_1008_png.rf.ded753505f70161cff12661cb1fc4e69.jpg,59C2
2L_bot_greenpack_1008_png.rf.ded753505f70161cff12661cb1fc4e69.jpg,01208
2L_top_greenpack_1009_png.rf.0762d9b35a402093331e0538052305c6.jpg,78G1
2L_bot_greenpack_1009_png.rf.0762d9b35a402093331e0538052305c6.jpg,04308
2L_top_greenpack_1013_png.rf.1b16af688d41cbb947cebba9d3112f8a.jpg,54H
2L_bot_greenpack_1013_png.rf.1b16af688d41cbb947cebba9d3112f8a.jpg,14882
2L_top_greenpack_1016_png.rf.22dda862c0ff26982b91158dc1e290f0.jpg,81G1
2L_bot_greenpack_1016_png.rf.22dda862c0ff26982b91158dc1e290f0.jpg,13556
2L_top_greenpack_1017_png.rf.1d7d046a57a9d3cbd390cfe51f5c34e5.jpg,60F1
2L_bot_greenpack_1017_png.rf.1d7d046a57a9d3cbd390cfe51f5c34e5.jpg,50670
2L_top_greenpack_1018_png.rf.6cf5b228ae345ac0d3081f2f06d88a3a.jpg,76H1
2L_bot_greenpack_1018_png.rf.6cf5b228ae345ac0d3081f2f06d88a3a.jpg,06161
2L_top_greenpack_1020_png.rf.195d0917b8a80dd2a40e903941f31cb6.jpg,55P9
2L_bot_greenpack_1020_png.rf.195d0917b8a80dd2a40e903941f31cb6.jpg,2804
2L_top_greenpack_1023_png.rf.7d4a111b14356fb1be08fe2cc6b86550.jpg,54L3
2L_bot_greenpack_1023_png.rf.7d4a111b14356fb1be08fe2cc6b86550.jpg,6961
2L_top_greenpack_1024_png.rf.d040e28e5ff4cee5e7c84cfaf04a31af.jpg,55X8
2L_bot_greenpack_1024_png.rf.d040e28e5ff4cee5e7c84cfaf04a31af.jpg,6970
2L_top_greenpack_1034_png.rf.074fcde9da8e8a72c273a6c5725408de.jpg,54R3
2L_bot_greenpack_1034_png.rf.074fcde9da8e8a72c273a6c5725408de.jpg,0018
2L_top_greenpack_1035_png.rf.1f0fc42e2d72545281b4330265f805b5.jpg,59D1
2L_bot_greenpack_1035_png.rf.1f0fc42e2d72545281b4330265f805b5.jpg,88728
2L_top_greenpack_1037_png.rf.ab405d908d6a24eedd035ecfbe5853d1.jpg,52P2
2L_bot_greenpack_1037_png.rf.ab405d908d6a24eedd035ecfbe5853d1.jpg,0878
2L_top_greenpack_1042_png.rf.976987382ae7e275da7d9922fd484d35.jpg,54X9
2L_bot_greenpack_1042_png.rf.976987382ae7e275da7d9922fd484d35.jpg,9300
2L_top_greenpack_1045_png.rf.c06d0441e73b8d37330fbaf180ed8aba.jpg,54U5
2L_bot_greenpack_1045_png.rf.c06d0441e73b8d37330fbaf180ed8aba.jpg,4316
2L_top_greenpack_1047_png.rf.a4458003bb26386b5013aa7ee2a8a86d.jpg,54U3
2L_bot_greenpack_1047_png.rf.a4458003bb26386b5013aa7ee2a8a86d.jpg,9055
2L_top_greenpack_1048_png.rf.2e656fc51ed7df4631135caced4ea18f.jpg,59F1
2L_bot_greenpack_1048_png.rf.2e656fc51ed7df4631135caced4ea18f.jpg,65171
2L_top_greenpack_1050_png.rf.9f59386a3e6c395c03bdda151dd22fd6.jpg,54T
2L_bot_greenpack_1050_png.rf.9f59386a3e6c395c03bdda151dd22fd6.jpg,40987
2L_top_greenpack_1053_png.rf.e12f91f5a6f9ed38a9fe97d6554af45d.jpg,55P8
2L_bot_greenpack_1053_png.rf.e12f91f5a6f9ed38a9fe97d6554af45d.jpg,9613
2L_top_greenpack_1054_png.rf.39e81f8b1694690ee75435bd976ad619.jpg,59L1
2L_bot_greenpack_1054_png.rf.39e81f8b1694690ee75435bd976ad619.jpg,16511
2L_top_greenpack_1055_png.rf.9663c70dd7bc8b9c2d4aacf13a054a4e.jpg,53Z
2L_bot_greenpack_1055_png.rf.9663c70dd7bc8b9c2d4aacf13a054a4e.jpg,11759
2L_top_greenpack_1056_png.rf.0a29e0dac4750c1dc68a6201fba0bf2a.jpg,59K1
2L_bot_greenpack_1056_png.rf.0a29e0dac4750c1dc68a6201fba0bf2a.jpg,22323
2L_top_greenpack_1058_png.rf.d96aeca83a09f733a8289dd24411e134.jpg,63B9
2L_bot_greenpack_1058_png.rf.d96aeca83a09f733a8289dd24411e134.jpg,29219
2L_top_greenpack_1061_png.rf.6cc53f9f7be65162af0392f203c70622.jpg,54T5
2L_bot_greenpack_1061_png.rf.6cc53f9f7be65162af0392f203c70622.jpg,6168
2L_top_greenpack_1062_png.rf.6be6d3870d658ed848b572f598bfbd95.jpg,59S1
2L_bot_greenpack_1062_png.rf.6be6d3870d658ed848b572f598bfbd95.jpg,06241
2L_top_greenpack_1063_png.rf.d6904fcbbd663291a8bd882b5b27fbd5.jpg,59V2
2L_bot_greenpack_1063_png.rf.d6904fcbbd663291a8bd882b5b27fbd5.jpg,09048
2L_top_greenpack_1064_png.rf.865c4206f10b00c8a44be40fd45d2c08.jpg,61G1
2L_bot_greenpack_1064_png.rf.865c4206f10b00c8a44be40fd45d2c08.jpg,04305
2L_top_greenpack_1067_png.rf.6049b15ac0cb922d800fedaa75781898.jpg,59L2
2L_bot_greenpack_1067_png.rf.6049b15ac0cb922d800fedaa75781898.jpg,23164
2L_top_greenpack_1069_png.rf.b05866cb4791853f11dd1458ea33a9a5.jpg,59X2
2L_bot_greenpack_1069_png.rf.b05866cb4791853f11dd1458ea33a9a5.jpg,67951
2L_top_greenpack_1071_png.rf.cea02bb055325bc2f32eb092f3a2e49d.jpg,54R
2L_bot_greenpack_1071_png.rf.cea02bb055325bc2f32eb092f3a2e49d.jpg,11147
2L_top_greenpack_1072_png.rf.f45197e8b5d34dfe3539cebbbe947183.jpg,55X8
2L_bot_greenpack_1072_png.rf.f45197e8b5d34dfe3539cebbbe947183.jpg,2215
2L_top_greenpack_1073_png.rf.11b6d3df73a5d332ea97436bf1d303be.jpg,59L2
2L_bot_greenpack_1073_png.rf.11b6d3df73a5d332ea97436bf1d303be.jpg,04775
2L_top_greenpack_1074_png.rf.fc6ecdbee3360cc86f743e0e92210f43.jpg,71C2
2L_bot_greenpack_1074_png.rf.fc6ecdbee3360cc86f743e0e92210f43.jpg,32149
2L_top_greenpack_1078_png.rf.95029046893cf9a3965600a68169886f.jpg,59P2
2L_bot_greenpack_1078_png.rf.95029046893cf9a3965600a68169886f.jpg,21181
2L_top_greenpack_1079_png.rf.ada0b8b6d5b7c3da2976e0d4913941e3.jpg,52H4
2L_bot_greenpack_1079_png.rf.ada0b8b6d5b7c3da2976e0d4913941e3.jpg,8060
2L_top_greenpack_1080_png.rf.84b01fb3fd4939ad9d7e433cfd57a3b1.jpg,62P1
2L_bot_greenpack_1080_png.rf.84b01fb3fd4939ad9d7e433cfd57a3b1.jpg,51909
2L_top_greenpack_1082_png.rf.9b3733b7df0cf7b1187636582c9dc45e.jpg,69C1
2L_bot_greenpack_1082_png.rf.9b3733b7df0cf7b1187636582c9dc45e.jpg,20591
2L_top_greenpack_1084_png.rf.ec00ff23f850b38fa806725365bd3f60.jpg,59P1
2L_bot_greenpack_1084_png.rf.ec00ff23f850b38fa806725365bd3f60.jpg,71756
2L_top_greenpack_1085_png.rf.e0a71ce20db2cfadd21ae8037c3008cc.jpg,54X3
2L_bot_greenpack_1085_png.rf.e0a71ce20db2cfadd21ae8037c3008cc.jpg,7676
2L_top_greenpack_1086_png.rf.51e792e5a8255fe1a1ae2aef830c6bcd.jpg,59B1
2L_bot_greenpack_1086_png.rf.51e792e5a8255fe1a1ae2aef830c6bcd.jpg,34682
2L_top_greenpack_1088_png.rf.74eee1ecd6e46c02a216c045b7c041b5.jpg,59H1
2L_bot_greenpack_1088_png.rf.74eee1ecd6e46c02a216c045b7c041b5.jpg,60591
2L_top_greenpack_1089_png.rf.513daba7f97dbfc69e358b446adc72e9.jpg,79Z1
2L_bot_greenpack_1089_png.rf.513daba7f97dbfc69e358b446adc72e9.jpg,5804
2L_top_greenpack_1091_png.rf.d0f8fcab2a196272d330b0a34fecbf43.jpg,59L1
2L_bot_greenpack_1091_png.rf.d0f8fcab2a196272d330b0a34fecbf43.jpg,67824
2L_top_greenpack_1092_png.rf.ce6452819ae9692f4d82c416b372f5d1.jpg,75F1
2L_bot_greenpack_1092_png.rf.ce6452819ae9692f4d82c416b372f5d1.jpg,29830
2L_top_greenpack_1094_png.rf.77bdcfc7ab06fe204ba89eab3cc5da48.jpg,60B2
2L_bot_greenpack_1094_png.rf.77bdcfc7ab06fe204ba89eab3cc5da48.jpg,36912
2L_top_greenpack_1096_png.rf.9e440df16dacb02d2503deae6de8da75.jpg,69C1
2L_bot_greenpack_1096_png.rf.9e440df16dacb02d2503deae6de8da75.jpg,00788
2L_top_greenpack_1099_png.rf.ba0752e7839ae09ee68cbbdde0b7503a.jpg,59D1
2L_bot_greenpack_1099_png.rf.ba0752e7839ae09ee68cbbdde0b7503a.jpg,67393
2L_top_greenpack_1100_png.rf.a65c2fb0e7b541a36e6a9a9d2e1acf7a.jpg,16F
2L_bot_greenpack_1100_png.rf.a65c2fb0e7b541a36e6a9a9d2e1acf7a.jpg,26303
2L_top_greenpack_1101_png.rf.17a654510ec5e57a9fcb5a9773ef0af7.jpg,59S2
2L_bot_greenpack_1101_png.rf.17a654510ec5e57a9fcb5a9773ef0af7.jpg,26754
2L_top_greenpack_1103_png.rf.6a616509e1c955ead0d473817eed65d8.jpg,59B1
2L_bot_greenpack_1103_png.rf.6a616509e1c955ead0d473817eed65d8.jpg,37858
2L_top_greenpack_1106_png.rf.13a4d6eb7d1abf8aa079f505fc8ac7ec.jpg,59V2
2L_bot_greenpack_1106_png.rf.13a4d6eb7d1abf8aa079f505fc8ac7ec.jpg,48612
2L_top_greenpack_1107_png.rf.79cbed1095bc5939889d4ed5afaf8a36.jpg,49K1
2L_bot_greenpack_1107_png.rf.79cbed1095bc5939889d4ed5afaf8a36.jpg,27144
2L_top_greenpack_1108_png.rf.db3c1d59b25f979d1230e4ea4664cdbc.jpg,54T
2L_bot_greenpack_1108_png.rf.db3c1d59b25f979d1230e4ea4664cdbc.jpg,34407
2L_top_greenpack_1109_png.rf.7a46a233e065c52c4ba199be77eac1ce.jpg,59D2
2L_bot_greenpack_1109_png.rf.7a46a233e065c52c4ba199be77eac1ce.jpg,17244
2L_top_greenpack_1111_png.rf.fd5d11463ba37a88489a2eb5fa3b0197.jpg,22H5
2L_bot_greenpack_1111_png.rf.fd5d11463ba37a88489a2eb5fa3b0197.jpg,1198
2L_top_greenpack_1115_png.rf.047b251d19090033b344c67ad0248d25.jpg,83P1
2L_bot_greenpack_1115_png.rf.047b251d19090033b344c67ad0248d25.jpg,99696
2L_top_greenpack_1117_png.rf.a8a4c624c98fbf54c01e864ab42cfedc.jpg,60T7
2L_bot_greenpack_1117_png.rf.a8a4c624c98fbf54c01e864ab42cfedc.jpg,7586
2L_top_greenpack_1118_png.rf.381a30ca965b0f9add7eff8edd05f488.jpg,50N1
2L_bot_greenpack_1118_png.rf.381a30ca965b0f9add7eff8edd05f488.jpg,02654
2L_top_greenpack_1119_png.rf.6c7e2f034fd32077a02a669c1a8af784.jpg,72H5
2L_bot_greenpack_1119_png.rf.6c7e2f034fd32077a02a669c1a8af784.jpg,8794
2L_top_greenpack_1120_png.rf.1091e49825d44f992ac45130bd461805.jpg,54L5
2L_bot_greenpack_1120_png.rf.1091e49825d44f992ac45130bd461805.jpg,1899
2L_top_greenpack_1123_png.rf.f669ae7afb09c0d61ca51ee078fcecd2.jpg,66P1
2L_bot_greenpack_1123_png.rf.f669ae7afb09c0d61ca51ee078fcecd2.jpg,5739
2L_top_greenpack_1126_png.rf.c9d5d2566ed4d536191442c6ca5ecbc3.jpg,59F1
2L_bot_greenpack_1126_png.rf.c9d5d2566ed4d536191442c6ca5ecbc3.jpg,14064
2L_top_greenpack_1128_png.rf.4c8497c676c5662ca4091e840e5a982f.jpg,54X4
2L_bot_greenpack_1128_png.rf.4c8497c676c5662ca4091e840e5a982f.jpg,5335
2L_top_greenpack_1129_png.rf.4159635ec0927d4f99c0d77fdc7160e0.jpg,49G1
2L_bot_greenpack_1129_png.rf.4159635ec0927d4f99c0d77fdc7160e0.jpg,09999
2L_top_greenpack_1136_png.rf.422f3f98a065d4eb56dc0a02a84fa321.jpg,59L1
2L_bot_greenpack_1136_png.rf.422f3f98a065d4eb56dc0a02a84fa321.jpg,38765
2L_top_greenpack_1139_png.rf.3bb18a0fda7c880a04631923c3a3c55d.jpg,59U1
2L_bot_greenpack_1139_png.rf.3bb18a0fda7c880a04631923c3a3c55d.jpg,56452
2L_top_greenpack_1140_png.rf.bdd833fcfb2b83e70242662f6908a8c8.jpg,52K3
2L_bot_greenpack_1140_png.rf.bdd833fcfb2b83e70242662f6908a8c8.jpg,8683
2L_top_greenpack_1141_png.rf.541d1b70ac9daa33884b1d4668debd61.jpg,43H
2L_bot_greenpack_1141_png.rf.541d1b70ac9daa33884b1d4668debd61.jpg,16799
2L_top_greenpack_1144_png.rf.cbdcf03a699422f79f3ad521c131c26e.jpg,79Z1
2L_bot_greenpack_1144_png.rf.cbdcf03a699422f79f3ad521c131c26e.jpg,16792
2L_top_greenpack_1145_png.rf.c2953f417953c9aeb6f7b4189cdcae8f.jpg,54S1
2L_bot_greenpack_1145_png.rf.c2953f417953c9aeb6f7b4189cdcae8f.jpg,3034
2L_top_greenpack_1147_png.rf.1c186715ea4a7862448bf365e41ef768.jpg,74K1
2L_bot_greenpack_1147_png.rf.1c186715ea4a7862448bf365e41ef768.jpg,5866
2L_top_greenpack_1148_png.rf.d263b595a2afd49a4c4e75a85a9a27d1.jpg,59U1
2L_bot_greenpack_1148_png.rf.d263b595a2afd49a4c4e75a85a9a27d1.jpg,52884
2L_top_greenpack_1150_png.rf.cfaf12f90f97afe833b94fede283b815.jpg,54S7
2L_bot_greenpack_1150_png.rf.cfaf12f90f97afe833b94fede283b815.jpg,3211
2L_top_greenpack_1151_png.rf.e7a855a5c803d8425a5475fac1e1563e.jpg,59C2
2L_bot_greenpack_1151_png.rf.e7a855a5c803d8425a5475fac1e1563e.jpg,57492
2L_top_greenpack_1152_png.rf.785a4008c45f04f55a105ac474cd1420.jpg,59K1
2L_bot_greenpack_1152_png.rf.785a4008c45f04f55a105ac474cd1420.jpg,84015
2L_top_greenpack_1155_png.rf.01aa287db4bf5ffb009cdf9f024ec952.jpg,49B1
2L_bot_greenpack_1155_png.rf.01aa287db4bf5ffb009cdf9f024ec952.jpg,03126
2L_top_greenpack_1162_png.rf.4135d4e80ff6a21baf99df424594ef97.jpg,59F1
2L_bot_greenpack_1162_png.rf.4135d4e80ff6a21baf99df424594ef97.jpg,03055
2L_top_greenpack_1163_png.rf.2d9418da0baae5c096e72086435b9f70.jpg,54H3
2L_bot_greenpack_1163_png.rf.2d9418da0baae5c096e72086435b9f70.jpg,5581
2L_top_greenpack_1226_png.rf.1f17ecc7e29b266bec79ee8d8bf40aed.jpg,55P8
2L_bot_greenpack_1226_png.rf.1f17ecc7e29b266bec79ee8d8bf40aed.jpg,7062
2L_top_greenpack_1228_png.rf.f5402bcab896b9251cceaf9f731d3212.jpg,59S1
2L_bot_greenpack_1228_png.rf.f5402bcab896b9251cceaf9f731d3212.jpg,91667
2L_top_greenpack_1230_png.rf.d17ab99468d6e6a41a42470a56d71978.jpg,55P8
2L_bot_greenpack_1230_png.rf.d17ab99468d6e6a41a42470a56d71978.jpg,1120
2L_top_greenpack_1231_png.rf.6b91143501012f32792439936b0d61ab.jpg,52U8
2L_bot_greenpack_1231_png.rf.6b91143501012f32792439936b0d61ab.jpg,3666
2L_top_greenpack_1232_png.rf.11f013f8e35232ff70c238fb13de903b.jpg,64Z1
2L_bot_greenpack_1232_png.rf.11f013f8e35232ff70c238fb13de903b.jpg,2383
2L_top_greenpack_1234_png.rf.376d4f0a809946d250c3c04d7f6ad026.jpg,59Y2
2L_bot_greenpack_1234_png.rf.376d4f0a809946d250c3c04d7f6ad026.jpg,76796
2L_top_greenpack_1236_png.rf.7d7640c8393cf3dc6e4dee52668ceab7.jpg,56P1
2L_bot_greenpack_1236_png.rf.7d7640c8393cf3dc6e4dee52668ceab7.jpg,6734
2L_top_greenpack_1237_png.rf.60b38fc50fdc0329d21c9c40610fbfab.jpg,59T1
2L_bot_greenpack_1237_png.rf.60b38fc50fdc0329d21c9c40610fbfab.jpg,83013
2L_top_greenpack_1238_png.rf.c813e3dcaea99955ea1881d9b6eaa969.jpg,59S1
2L_bot_greenpack_1238_png.rf.c813e3dcaea99955ea1881d9b6eaa969.jpg,59559
2L_top_greenpack_1239_png.rf.c3b51242d2eab701f8057814bdfa08d7.jpg,51X9
2L_bot_greenpack_1239_png.rf.c3b51242d2eab701f8057814bdfa08d7.jpg,4654
2L_top_greenpack_1240_png.rf.e1002aa728b2c7e51c43f4a3515568f9.jpg,59S2
2L_bot_greenpack_1240_png.rf.e1002aa728b2c7e51c43f4a3515568f9.jpg,32928
2L_top_greenpack_1241_png.rf.64b34eae3ba1a56010427ab5dd0bd1a8.jpg,59S2
2L_bot_greenpack_1241_png.rf.64b34eae3ba1a56010427ab5dd0bd1a8.jpg,01572
2L_top_greenpack_1243_png.rf.95e2406b7ceec720993d20579cd752bb.jpg,61N
2L_bot_greenpack_1243_png.rf.95e2406b7ceec720993d20579cd752bb.jpg,40663
2L_top_greenpack_1245_png.rf.abc0ff2b2156da93f5fbe29837982c4f.jpg,59B1
2L_bot_greenpack_1245_png.rf.abc0ff2b2156da93f5fbe29837982c4f.jpg,40870
2L_top_greenpack_1246_png.rf.487153faf523018a6c3cda7cfe148378.jpg,59H1
2L_bot_greenpack_1246_png.rf.487153faf523018a6c3cda7cfe148378.jpg,19466
2L_top_greenpack_1247_png.rf.fc1f50f56e6c7e0d4845fc339c62a1f6.jpg,86C1
2L_bot_greenpack_1247_png.rf.fc1f50f56e6c7e0d4845fc339c62a1f6.jpg,07261
2L_top_greenpack_1248_png.rf.011b188fc1c65843edec973c6ee217af.jpg,67B1
2L_bot_greenpack_1248_png.rf.011b188fc1c65843edec973c6ee217af.jpg,40833
2L_top_greenpack_1249_png.rf.f8f7a5605e0865f0d562a9c01e2c0f46.jpg,59P2
2L_bot_greenpack_1249_png.rf.f8f7a5605e0865f0d562a9c01e2c0f46.jpg,20770
2L_top_greenpack_1250_png.rf.3a79fb233c87133d033e1383cbcb2ceb.jpg,59T1
2L_bot_greenpack_1250_png.rf.3a79fb233c87133d033e1383cbcb2ceb.jpg,59973
2L_top_greenpack_1251_png.rf.a29c21aaf2af7c0b79901f3e62d5d385.jpg,71F5
2L_bot_greenpack_1251_png.rf.a29c21aaf2af7c0b79901f3e62d5d385.jpg,2321
2L_top_greenpack_1252_png.rf.44d8909ed2b3cc10797141875800d893.jpg,54Y9
2L_bot_greenpack_1252_png.rf.44d8909ed2b3cc10797141875800d893.jpg,3476
2L_top_greenpack_1253_png.rf.7efd92013c7c05284cfc287cc61b9f3b.jpg,59T1
2L_bot_greenpack_1253_png.rf.7efd92013c7c05284cfc287cc61b9f3b.jpg,85717
2L_top_greenpack_1255_png.rf.52364b1fd83b445c67c45183bd73e9d3.jpg,59U1
2L_bot_greenpack_1255_png.rf.52364b1fd83b445c67c45183bd73e9d3.jpg,72979
2L_top_greenpack_1257_png.rf.8a5c7dc7c03ddf8d7719332a24eeeff6.jpg,79H5
2L_bot_greenpack_1257_png.rf.8a5c7dc7c03ddf8d7719332a24eeeff6.jpg,8812
2L_top_greenpack_1259_png.rf.9ef1f7cb244d4837d1f9e386c6cad2f3.jpg,59T1
2L_bot_greenpack_1259_png.rf.9ef1f7cb244d4837d1f9e386c6cad2f3.jpg,79742
2L_top_greenpack_1260_png.rf.88f9481e182e21b03b5cfeb039998f68.jpg,69F2
2L_bot_greenpack_1260_png.rf.88f9481e182e21b03b5cfeb039998f68.jpg,2140
2L_top_greenpack_1261_png.rf.f07eae7064b56d8938a6a88bdeb6a83b.jpg,55P4
2L_bot_greenpack_1261_png.rf.f07eae7064b56d8938a6a88bdeb6a83b.jpg,8426
2L_top_greenpack_1262_png.rf.13c965c67ec1026e9ca6995deede3aff.jpg,59T1
2L_bot_greenpack_1262_png.rf.13c965c67ec1026e9ca6995deede3aff.jpg,31340
2L_top_greenpack_1265_png.rf.f6c84eb421c7cb1193e3ff2e2239a223.jpg,59Y1
2L_bot_greenpack_1265_png.rf.f6c84eb421c7cb1193e3ff2e2239a223.jpg,67452
2L_top_greenpack_1266_png.rf.524fb5e2a8cd7d815ffe5b24f27a193e.jpg,59C1
2L_bot_greenpack_1266_png.rf.524fb5e2a8cd7d815ffe5b24f27a193e.jpg,55980
2L_top_greenpack_1267_png.rf.e19b579f3b7f05bed0acd0ec02fa86c4.jpg,70P1
2L_bot_greenpack_1267_png.rf.e19b579f3b7f05bed0acd0ec02fa86c4.jpg,5900
2L_top_greenpack_1268_png.rf.7d291a7463acd18685a85ae11e78b6a2.jpg,59E1
2L_bot_greenpack_1268_png.rf.7d291a7463acd18685a85ae11e78b6a2.jpg,32886
2L_top_greenpack_1269_png.rf.92ae5d867eedf3f13b161ce2380ea84a.jpg,54F4
2L_bot_greenpack_1269_png.rf.92ae5d867eedf3f13b161ce2380ea84a.jpg,4078
2L_top_greenpack_1270_png.rf.d074efee5a4c587566525f7302a1489c.jpg,53V4
2L_bot_greenpack_1270_png.rf.d074efee5a4c587566525f7302a1489c.jpg,8609
2L_top_greenpack_1271_png.rf.8803d87ae41032b251e714cfa5ce8d83.jpg,59E1
2L_bot_greenpack_1271_png.rf.8803d87ae41032b251e714cfa5ce8d83.jpg,70762
2L_top_greenpack_1272_png.rf.7039ad27bcc712dd76fd1ad44572a3ef.jpg,59V1
2L_bot_greenpack_1272_png.rf.7039ad27bcc712dd76fd1ad44572a3ef.jpg,55320
2L_top_greenpack_1273_png.rf.69cd8422dfbeaad135498fd7bc1735a6.jpg,54H2
2L_bot_greenpack_1273_png.rf.69cd8422dfbeaad135498fd7bc1735a6.jpg,5463
2L_top_greenpack_1278_png.rf.15d81ea0b43a2a99da254c507e3e035c.jpg,54V7
2L_bot_greenpack_1278_png.rf.15d81ea0b43a2a99da254c507e3e035c.jpg,9675
2L_top_greenpack_1279_png.rf.ce71c8a07a9407e4b6456b66c0280d87.jpg,59N1
2L_bot_greenpack_1279_png.rf.ce71c8a07a9407e4b6456b66c0280d87.jpg,07195
2L_top_greenpack_1285_png.rf.4b68a3a4ba0ec4bf33092781349f5625.jpg,54S8
2L_bot_greenpack_1285_png.rf.4b68a3a4ba0ec4bf33092781349f5625.jpg,8080
2L_top_greenpack_1286_png.rf.c7c1d0e14e1b4bd552b7966ff204e8b2.jpg,54F3
2L_bot_greenpack_1286_png.rf.c7c1d0e14e1b4bd552b7966ff204e8b2.jpg,9952
2L_top_greenpack_1287_png.rf.b4565b965bbde4c181b1bf2f09aa6611.jpg,59F1
2L_bot_greenpack_1287_png.rf.b4565b965bbde4c181b1bf2f09aa6611.jpg,08501
2L_top_greenpack_1289_png.rf.ad44cadad67a4b3295da603095f7645b.jpg,85D1
2L_bot_greenpack_1289_png.rf.ad44cadad67a4b3295da603095f7645b.jpg,05960
2L_top_greenpack_1290_png.rf.b5a1ca72655f68f94554e800b610e6ae.jpg,59C1
2L_bot_greenpack_1290_png.rf.b5a1ca72655f68f94554e800b610e6ae.jpg,20591
2L_top_greenpack_1292_png.rf.76a7975109012fe423effd1fde557507.jpg,59H1
2L_bot_greenpack_1292_png.rf.76a7975109012fe423effd1fde557507.jpg,41855
2L_top_greenpack_1293_png.rf.0f3932e21226a38a9de1b68e99095518.jpg,59U1
2L_bot_greenpack_1293_png.rf.0f3932e21226a38a9de1b68e99095518.jpg,20274
2L_top_greenpack_1294_png.rf.f716665e3c812ae57b024ce5ab84f8d1.jpg,62P1
2L_bot_greenpack_1294_png.rf.f716665e3c812ae57b024ce5ab84f8d1.jpg,53221
2L_top_greenpack_1295_png.rf.183238c2c0bbca38c86ff2d5b0e84e1e.jpg,66N1
2L_bot_greenpack_1295_png.rf.183238c2c0bbca38c86ff2d5b0e84e1e.jpg,10547
2L_top_greenpack_1297_png.rf.1e5fffd7fdc0fa5bb3fa52a87fb2915f.jpg,54F2
2L_bot_greenpack_1297_png.rf.1e5fffd7fdc0fa5bb3fa52a87fb2915f.jpg,8259
2L_top_greenpack_1299_png.rf.89fc2fbeb24624e69ac3d4065536b0de.jpg,51Z1
2L_bot_greenpack_1299_png.rf.89fc2fbeb24624e69ac3d4065536b0de.jpg,2662
2L_top_greenpack_1301_png.rf.8822598d3a831d31a53613ee4eec0e30.jpg,61X2
2L_bot_greenpack_1301_png.rf.8822598d3a831d31a53613ee4eec0e30.jpg,3244
2L_top_greenpack_1302_png.rf.562f75ce71bf0dd05c28069aa26ea139.jpg,59T1
2L_bot_greenpack_1302_png.rf.562f75ce71bf0dd05c28069aa26ea139.jpg,55417
2L_top_greenpack_1305_png.rf.00f51e332836a058241affd804698847.jpg,67E1
2L_bot_greenpack_1305_png.rf.00f51e332836a058241affd804698847.jpg,06661
2L_top_greenpack_1307_png.rf.2008ef4f5b896b4e037b985997a5e1ad.jpg,54S5
2L_bot_greenpack_1307_png.rf.2008ef4f5b896b4e037b985997a5e1ad.jpg,8960
