plate,owner,phone,class_vehicle,province,registration_date,id_card
TH-67-88,Mai Thị L,829182416,Xe chuyên dụng,Cao Bằng,28/07/2023,52140309575
TH-24-47,Nguyễn Thị GG,776732939,Xe chuyên dụng,Ninh Thuận,21/09/2020,14025357757
57-T3.9167,Vũ Thị F,976538448,Xe máy,Lâm Đồng,05/05/2021,35864337048
62R-5350,Lê Thị YY,887612222,Ô tô tải,Bà Rịa - Vũng Tàu,28/05/2024,49839499441
76M-26000,Đỗ Thị J,934580222,Xe bán tải,Cà Mau,03/06/2022,25243562545
65C-1176,Phạm Thị D,993520642,Ô tô khách,Tiền Giang,03/01/2025,48123974780
31E-38769,Hồ Văn DD,906896386,Ô tô tải,Hải Phòng,23/07/2025,62882015240
52R-70638,Lê Thị YY,761832770,Ô tô con,Bình Thuận,18/12/2024,10480729564
23Y-32123,Đỗ Văn Z,373695916,Ô tô tải,Sơn La,21/05/2023,47315282396
31E-1696,Mai Thị L,887749239,Ô tô khách,Hải Phòng,05/07/2024,56639887893
TH-19-52,Nguyễn Thị GG,391879780,Xe chuyên dụng,Lào Cai,17/05/2024,70735402467
24V-7927,Bùi Thị H,792390727,Ô tô con,Hòa Bình,22/06/2024,48854287799
74E-8348,Phan Thị P,815796659,Xe bán tải,Sóc Trăng,19/12/2023,47752300016
46Q-9149,Võ Thị EE,947572506,Ô tô tải,Quảng Nam,13/05/2024,37936381140
28V-6829,Hoàng Văn E,961357872,Ô tô khách,Phú Thọ,06/03/2022,27851151519
54F-5591,Lý Thị AA,911842180,Ô tô khách,Gia Lai,18/03/2021,51414683414
56Y-51055,Mai Thị L,855584848,Ô tô khách,Đắk Nông,22/09/2025,26120013900
21X-85002,Ngô Văn I,392266670,Xe bán tải,Phú Thọ,23/06/2024,62035927548
TH-53-37,Nguyễn Văn Q,911509811,Xe chuyên dụng,Đắk Lắk,07/05/2021,8790278826
TH-42-11,Phan Thị P,914901663,Xe chuyên dụng,Cà Mau,29/06/2022,33028750489
45N-30447,Bùi Thị H,360684086,Ô tô tải,Đà Nẵng,25/09/2022,34433411107
50-U8.4766,Lý Thị QQ,963463306,Xe máy,Khánh Hòa,11/02/2025,70593577582
42M-91842,Đặng Văn G,810423680,Xe bán tải,Quảng Bình,02/09/2023,12774320838
31M-6985,Lê Văn C,826261809,Ô tô khách,Hải Phòng,20/12/2021,77246189384
26R-1194,Phạm Văn JJ,903330218,Ô tô khách,Lạng Sơn,22/11/2022,49425548148
21M-8712,Phạm Văn T,914901663,Ô tô tải,Phú Thọ,26/11/2022,58252604604
17C-79715,Trần Văn XX,865856068,Ô tô con,Tuyên Quang,20/06/2024,60648273623
14V-5420,Phan Văn FF,368344867,Ô tô con,Cao Bằng,17/11/2024,77491403851
58B-5815,Trần Thị B,885003859,Ô tô khách,Bình Phước,18/05/2025,46524124614
76O-79452,Lý Thị QQ,368344867,Xe bán tải,Cà Mau,16/09/2025,27994922501
37V-97157,Lê Thị II,946673883,Ô tô con,Ninh Bình,04/11/2020,17688319832
34C-5875,Lê Thị YY,376340456,Ô tô khách,Thái Bình,17/10/2022,37515364940
17Z-1677,Bùi Văn X,364108430,Ô tô con,Tuyên Quang,14/08/2023,52236301235
TH-62-41,Phan Thị P,840003389,Xe chuyên dụng,Lào Cai,20/07/2024,74557948195
38J-4239,Vũ Văn LL,360684086,Xe bán tải,Thanh Hóa,09/01/2023,37462241312
TH-31-15,Đặng Văn G,793501956,Xe chuyên dụng,Hà Nội,01/11/2020,67474968418
68B-64061,Võ Thị EE,338219649,Ô tô khách,Vĩnh Long,04/08/2023,75058898012
14E-2012,Ngô Thị Y,993520642,Xe bán tải,Cao Bằng,01/12/2020,34635494296
TH-31-74,Trần Văn HH,871928837,Xe chuyên dụng,Quảng Nam,23/02/2023,58200733261
53F-88138,Vũ Văn LL,946673883,Ô tô tải,Kon Tum,17/02/2023,24525575569
73Q-1703,Lê Văn C,940085659,Ô tô con,Hậu Giang,09/11/2024,60763040049
53Z-62874,Nguyễn Văn Q,799806059,Ô tô con,Kon Tum,21/12/2021,75608000783
20P-7064,Phạm Văn ZZ,323429465,Ô tô con,Lai Châu,02/03/2021,58034877225
TH-25-90,Võ Thị UU,882224128,Xe chuyên dụng,Long An,14/04/2022,38514597612
70M-9165,Phạm Văn T,373269963,Xe bán tải,An Giang,21/04/2022,72015455189
52P-9362,Võ Thị UU,920303446,Ô tô khách,Bình Thuận,08/05/2020,22277347530
25-H2.23384,Đặng Văn G,862168671,Xe máy,Thái Nguyên,20/02/2023,56261390184
67C-9454,Ngô Thị Y,386153531,Ô tô tải,Trà Vinh,10/10/2022,54341663679
71I-5899,Mai Văn RR,989017613,Ô tô khách,Kiên Giang,27/04/2025,54391481711
TH-33-60,Đặng Văn G,979971989,Xe chuyên dụng,Tây Ninh,31/05/2024,54753144076
28K-8433,Đặng Thị W,901177876,Ô tô khách,Phú Thọ,25/05/2023,42287087372
TH-70-11,Đặng Văn G,972317142,Xe chuyên dụng,Bắc Kạn,23/06/2024,67399561615
56V-4336,Hồ Văn TT,825258945,Ô tô con,Đắk Nông,14/05/2021,64656888201
53U-4855,Phạm Thị D,976538448,Ô tô khách,Kon Tum,10/09/2023,12201467641
68E-3452,Lý Thị AA,346508417,Ô tô khách,Vĩnh Long,23/07/2025,30776174979
49J-4071,Trần Văn HH,356183104,Ô tô con,Phú Yên,22/02/2024,26373317585
46S-5563,Hoàng Thị KK,928808926,Xe bán tải,Quảng Nam,30/12/2020,56390724573
TH-99-28,Mai Văn RR,834339495,Xe chuyên dụng,Hà Nam,28/05/2022,48047523911
74F-3512,Phan Thị P,390204272,Ô tô tải,Sóc Trăng,25/03/2024,51296474823
57D-1936,Đỗ Văn Z,995584430,Ô tô con,Lâm Đồng,27/08/2022,64367818791
TH-45-39,Võ Thị UU,900765965,Xe chuyên dụng,Gia Lai,16/04/2022,26379648191
70-F4.98291,Lý Thị AA,789686691,Xe máy,An Giang,21/02/2022,1745854122
54U-60912,Mai Văn RR,789904920,Ô tô con,Gia Lai,18/06/2024,1900618178
TH-23-93,Lê Thị YY,352694611,Xe chuyên dụng,Tuyên Quang,01/10/2021,25817013848
14W-92930,Đặng Thị MM,855584848,Ô tô khách,Cao Bằng,26/01/2020,31921797436
64U-3201,Phan Thị P,859881426,Ô tô con,Long An,11/01/2024,62220785194
21D-9670,Hồ Văn TT,877459134,Ô tô con,Phú Thọ,27/03/2022,48284980907
65L-81597,Mai Thị L,950027672,Xe bán tải,Tiền Giang,18/09/2025,49842416792
33N-7001,Nguyễn Thị WW,854942334,Ô tô con,Hưng Yên,23/08/2022,60108745642
31-N3.2597,Đặng Thị MM,963444170,Xe máy,Hải Phòng,22/10/2023,43425891245
30A-9488,Đinh Thị CC,954900295,Ô tô con,Hải Dương,01/10/2025,43179188651
52Y-1415,Nguyễn Văn Q,340488083,Ô tô khách,Bình Thuận,12/08/2025,74228271719
72C-5602,Ngô Thị OO,988255352,Ô tô khách,Cần Thơ,21/08/2025,72403502209
11T-87855,Bùi Văn NN,380789206,Ô tô tải,Hà Nội,23/12/2023,22097665613
TH-89-97,Trần Văn R,972361325,Xe chuyên dụng,Kon Tum,15/12/2021,54430251958
TH-76-84,Lê Thị II,988255352,Xe chuyên dụng,Trà Vinh,07/06/2022,17310407978
38T-6865,Đặng Thị MM,876484348,Ô tô con,Thanh Hóa,10/09/2024,51346640727
19V-3913,Đỗ Văn PP,994519079,Ô tô con,Điện Biên,08/10/2021,38266973548
20B-89155,Phan Văn FF,972361325,Ô tô tải,Lai Châu,16/09/2023,54086043237
65S-5503,Phan Văn FF,386153531,Xe bán tải,Tiền Giang,01/12/2022,27935114883
TH-24-73,Đinh Thị CC,953672079,Xe chuyên dụng,Quảng Nam,13/06/2022,64553105268
TH-11-84,Võ Thị EE,963251738,Xe chuyên dụng,Thái Bình,10/05/2025,15194158391
50-T3.18955,Đặng Thị MM,930776605,Xe máy,Khánh Hòa,04/10/2023,15200556263
72V-67339,Đinh Văn M,924891690,Xe bán tải,Cần Thơ,16/07/2025,34561167141
46J-50988,Ngô Thị OO,825258945,Ô tô tải,Quảng Nam,18/08/2023,22842297130
TH-37-77,Bùi Văn NN,838548945,Xe chuyên dụng,Bến Tre,26/12/2022,64772290178
68U-70981,Võ Thị EE,761832770,Ô tô tải,Vĩnh Long,27/07/2022,40171555076
71B-3810,Đinh Văn M,322175726,Ô tô con,Kiên Giang,19/03/2020,75271092155
63-Z3.9393,Phan Văn FF,932986078,Xe máy,TP. Hồ Chí Minh,26/03/2022,51662760450
17L-5066,Đặng Thị MM,936833530,Xe bán tải,Tuyên Quang,17/08/2020,58693022527
55F-2070,Trần Văn HH,329971569,Ô tô tải,Đắk Lắk,22/01/2025,26152116808
34A-7664,Võ Văn O,985019097,Ô tô con,Thái Bình,14/07/2023,62991330708
61L-1261,Ngô Văn I,792075409,Ô tô tải,Đồng Nai,09/07/2022,31826503987
36Z-77708,Đỗ Văn Z,329244497,Ô tô khách,Nam Định,18/02/2023,17660766445
45Y-67311,Hoàng Văn E,911509811,Ô tô tải,Đà Nẵng,06/09/2023,52258308622
19D-3337,Nguyễn Thị WW,841749803,Ô tô tải,Điện Biên,15/12/2020,51100266241
70V-4385,Mai Văn RR,789802465,Ô tô tải,An Giang,08/05/2020,24048348284
64S-7607,Lê Văn C,979730246,Xe bán tải,Long An,22/11/2023,4901720207
31T-1774,Phan Văn FF,829778558,Ô tô khách,Hải Phòng,17/05/2022,4179343036
TH-64-26,Lý Văn K,382461278,Xe chuyên dụng,Phú Thọ,10/10/2023,19039453435
71O-1707,Trần Văn R,915680034,Ô tô tải,Kiên Giang,18/08/2024,31344948716
53-O1.2601,Lý Thị QQ,322175726,Xe máy,Kon Tum,19/03/2021,54162305055
30K-4436,Lý Thị QQ,843082065,Ô tô khách,Hải Dương,05/08/2020,46023890145
TH-87-60,Vũ Văn V,955514577,Xe chuyên dụng,Thái Bình,15/09/2024,17650582319
48O-20756,Nguyễn Văn A,950027672,Xe bán tải,Bình Định,02/07/2024,1488242781
TH-11-38,Đặng Văn G,875257697,Xe chuyên dụng,Bắc Giang,09/05/2024,52794140405
23-H1.1057,Lê Thị YY,373269963,Xe máy,Sơn La,21/07/2023,4002348917
26B-8182,Đinh Văn M,766470152,Xe bán tải,Lạng Sơn,18/11/2021,52052171881
52J-7762,Bùi Văn X,911509811,Ô tô khách,Bình Thuận,18/06/2020,24126641035
27D-4613,Phạm Văn ZZ,360684086,Ô tô khách,Bắc Giang,30/09/2024,12828715162
72P-8833,Đinh Thị SS,963463306,Ô tô con,Cần Thơ,06/12/2022,34307238625
TH-44-51,Lê Thị S,931024531,Xe chuyên dụng,Cần Thơ,24/12/2024,75308560333
51S-5489,Hồ Văn DD,355549055,Ô tô khách,Ninh Thuận,06/12/2022,27191022237
33S-66001,Nguyễn Thị WW,357404302,Ô tô con,Hưng Yên,01/09/2020,43496503530
55G-4758,Bùi Văn NN,382461278,Ô tô con,Đắk Lắk,27/05/2023,51989791550
65K-6524,Vũ Văn V,334843646,Xe bán tải,Tiền Giang,23/11/2024,15507713021
31B-53754,Lê Thị S,873336018,Ô tô con,Hải Phòng,29/10/2020,68531608692
53Y-3261,Phạm Thị D,343450947,Ô tô tải,Kon Tum,05/05/2021,77511990970
59R-3212,Phạm Văn T,824888344,Xe bán tải,Tây Ninh,09/08/2025,1233438480
28P-4786,Ngô Thị OO,961357872,Ô tô con,Phú Thọ,04/07/2020,40000564922
45-A4.4793,Trần Văn HH,940729644,Xe máy,Đà Nẵng,01/06/2023,26856546451
76P-9979,Đỗ Văn PP,911842180,Ô tô con,Cà Mau,23/05/2025,6467339328
46J-8058,Đặng Văn G,761605260,Ô tô khách,Quảng Nam,25/05/2021,12401314148
63Y-8472,Mai Văn RR,330372606,Xe bán tải,TP. Hồ Chí Minh,04/10/2025,45074053723
TH-89-69,Phạm Văn ZZ,776732939,Xe chuyên dụng,Nghệ An,12/02/2023,22112789159
60-F2.30756,Lý Văn K,920303446,Xe máy,Bình Dương,06/11/2024,75066627300
40F-5632,Hồ Thị N,918336900,Ô tô khách,Nghệ An,26/03/2025,11617149540
64Q-8728,Lê Thị YY,392266670,Xe bán tải,Long An,18/09/2020,74324124039
51-Z7.5727,Phan Văn VV,917920618,Xe máy,Ninh Thuận,20/01/2024,64896113187
12B-74218,Lý Thị QQ,952160532,Ô tô khách,Hà Giang,11/02/2020,37497317061
TH-23-95,Lê Thị YY,911842180,Xe chuyên dụng,Vĩnh Long,11/06/2025,40756682609
15-Q4.98175,Bùi Văn X,947755410,Xe máy,Bắc Kạn,05/04/2023,35740730597
21P-8719,Hồ Văn TT,995584430,Ô tô con,Phú Thọ,01/11/2021,19588065463
42M-7014,Bùi Văn NN,777790678,Ô tô tải,Quảng Bình,21/01/2022,27811307724
45Z-14494,Nguyễn Văn Q,988255352,Ô tô con,Đà Nẵng,25/12/2022,48646712964
TH-99-44,Vũ Văn V,825258945,Xe chuyên dụng,Hưng Yên,26/10/2021,67325899178
76M-22633,Lý Thị QQ,824888344,Xe bán tải,Cà Mau,09/03/2023,22104792312
68X-65363,Nguyễn Thị WW,843082065,Ô tô tải,Vĩnh Long,19/05/2021,36150582914
51Z-71384,Nguyễn Văn Q,831451499,Ô tô tải,Ninh Thuận,31/08/2022,26148203935
28Q-14388,Hồ Văn TT,900765965,Ô tô tải,Phú Thọ,06/02/2022,48254289646
63-Z2.27697,Bùi Văn NN,849669323,Xe máy,TP. Hồ Chí Minh,18/09/2020,68978853723
50-P6.1584,Ngô Thị Y,372646487,Xe máy,Khánh Hòa,11/09/2025,22694796838
34J-1300,Trần Văn HH,774716274,Ô tô khách,Thái Bình,22/06/2025,49592865217
68B-36882,Hồ Văn DD,978283792,Xe bán tải,Vĩnh Long,03/10/2021,15216586254
49M-4085,Lý Thị QQ,975562189,Ô tô con,Phú Yên,17/05/2024,35216419379
12C-5970,Đinh Thị SS,875257697,Ô tô tải,Hà Giang,27/03/2024,11848585647
TH-36-31,Nguyễn Thị GG,834240857,Xe chuyên dụng,Kiên Giang,10/09/2023,12408544681
57W-81859,Bùi Thị H,378983096,Ô tô con,Lâm Đồng,07/06/2022,24728339048
53R-3884,Phạm Văn ZZ,322989105,Xe bán tải,Kon Tum,04/02/2025,66781646069
63V-3941,Trần Văn R,769417081,Ô tô con,TP. Hồ Chí Minh,18/10/2023,36560428221
TH-97-46,Trần Văn HH,793501956,Xe chuyên dụng,Sơn La,22/01/2023,14570437391
23H-7153,Đỗ Thị J,323429465,Xe bán tải,Sơn La,12/07/2023,74279363297
61Y-9956,Trần Văn HH,988053409,Ô tô con,Đồng Nai,16/01/2020,64307516736
50V-64402,Võ Thị UU,988255352,Ô tô tải,Khánh Hòa,29/12/2022,58279072378
69A-5883,Hồ Văn DD,381562196,Ô tô khách,Đồng Tháp,09/04/2021,68435571708
33E-8520,Phạm Thị D,940451986,Ô tô con,Hưng Yên,29/04/2020,8027022019
47H-6009,Hoàng Thị KK,873018727,Xe bán tải,Quảng Ngãi,25/05/2024,19793585455
19Z-14568,Đinh Thị SS,363217378,Ô tô con,Điện Biên,23/09/2024,56911823248
TH-98-25,Lý Thị AA,338219649,Xe chuyên dụng,Hà Nam,29/05/2020,31867742468
29L-9800,Phan Văn FF,789686691,Ô tô khách,Bắc Ninh,14/12/2021,1780466836
TH-62-24,Mai Văn RR,363217378,Xe chuyên dụng,Thanh Hóa,08/03/2021,26917321262
57-M9.84547,Lê Thị S,774968060,Xe máy,Lâm Đồng,14/01/2024,51155636587
TH-90-51,Phạm Văn T,979730246,Xe chuyên dụng,Trà Vinh,02/07/2022,12732301850
75D-17743,Vũ Văn LL,849969265,Ô tô con,Bạc Liêu,26/08/2023,44558503137
69H-6688,Hồ Thị N,365250518,Ô tô con,Đồng Tháp,06/05/2021,56639834902
20U-8830,Nguyễn Văn Q,953672079,Ô tô khách,Lai Châu,15/01/2025,49782627493
70N-8902,Trần Thị B,367510649,Ô tô khách,An Giang,05/07/2020,26866694927
27D-4735,Phan Văn VV,873018727,Xe bán tải,Bắc Giang,20/05/2023,70744978107
27-I9.39000,Bùi Văn NN,810423680,Xe máy,Bắc Giang,14/06/2020,8506723887
54D-2534,Vũ Thị F,991355629,Xe bán tải,Gia Lai,21/01/2025,12916847078
34-E2.5547,Lý Thị AA,377889756,Xe máy,Thái Bình,13/05/2024,67646007096
47Q-6137,Trần Văn HH,359588835,Ô tô tải,Quảng Ngãi,22/11/2024,68806720756
33L-3309,Hoàng Thị KK,866720486,Xe bán tải,Hưng Yên,23/10/2023,67704784015
57H-9073,Nguyễn Thị WW,856693583,Ô tô tải,Lâm Đồng,14/11/2022,60943365627
17B-3983,Đỗ Thị J,841255176,Xe bán tải,Tuyên Quang,19/03/2020,27644115690
17O-76589,Phan Văn FF,395214155,Ô tô con,Tuyên Quang,09/02/2022,54478795315
71E-6854,Lê Thị YY,988255352,Ô tô tải,Kiên Giang,02/02/2024,10089571643
59-P1.46767,Hoàng Thị KK,921984085,Xe máy,Tây Ninh,27/09/2024,72249558351
59A-20477,Mai Thị L,961357872,Ô tô khách,Tây Ninh,12/02/2021,10607085142
45P-8593,Lê Văn C,824381602,Xe bán tải,Đà Nẵng,20/08/2021,37784976617
TH-68-83,Phan Văn VV,391879780,Xe chuyên dụng,Đồng Nai,31/12/2024,38343060840
66M-33679,Trần Văn XX,984504769,Ô tô con,Bến Tre,03/08/2020,35767725238
34K-3623,Nguyễn Văn A,360062669,Xe bán tải,Thái Bình,13/05/2022,17205076846
65R-29633,Lý Văn K,334843646,Ô tô tải,Tiền Giang,13/06/2020,34467623586
TH-26-98,Ngô Thị OO,855584848,Xe chuyên dụng,Thừa Thiên Huế,26/03/2020,25727783586
60T-7686,Bùi Văn X,916561480,Xe bán tải,Bình Dương,20/02/2023,37015976139
TH-34-77,Bùi Văn X,372646487,Xe chuyên dụng,Hà Tĩnh,11/07/2023,54185700123
64P-9747,Vũ Văn LL,338654058,Xe bán tải,Long An,02/01/2022,19331055682
74L-9039,Hồ Văn DD,926485092,Ô tô tải,Sóc Trăng,05/04/2021,30458749239
68B-7665,Đinh Thị CC,882224128,Ô tô khách,Vĩnh Long,18/08/2020,35114038252
60A-6932,Trần Văn R,774968060,Xe bán tải,Bình Dương,18/05/2022,51113116753
60-P3.2790,Phan Thị P,373049083,Xe máy,Bình Dương,05/11/2021,25085001545
73H-4064,Lê Thị S,788285245,Xe bán tải,Hậu Giang,18/09/2025,62664759966
22D-4301,Hồ Thị N,917920618,Ô tô con,Yên Bái,11/04/2024,4100148524
14N-1390,Bùi Văn NN,816106121,Xe bán tải,Cao Bằng,31/12/2023,43870559392
22Y-4307,Hồ Văn DD,934580222,Ô tô tải,Yên Bái,03/09/2025,20209207714
52-Z5.6875,Phan Văn FF,392266670,Xe máy,Bình Thuận,28/04/2021,64674360372
25F-88785,Lê Văn C,938086508,Ô tô tải,Thái Nguyên,13/06/2021,62097082740
28A-35699,Trần Văn R,391879780,Ô tô tải,Phú Thọ,23/06/2021,25842620081
TH-59-23,Lê Văn C,386153531,Xe chuyên dụng,Ninh Bình,10/05/2022,77930389256
64P-4222,Vũ Thị F,987434055,Ô tô con,Long An,06/09/2020,35014136759
43P-3042,Đỗ Văn Z,330372606,Xe bán tải,Quảng Trị,27/12/2022,2390843447
73C-6685,Hoàng Thị U,877459134,Ô tô con,Hậu Giang,11/05/2024,12465773083
64-P4.35393,Đinh Thị SS,857434267,Xe máy,Long An,01/11/2023,51833729557
22-R5.98128,Đặng Thị W,702790458,Xe máy,Yên Bái,13/10/2025,46540032502
TH-88-86,Đinh Thị CC,976538448,Xe chuyên dụng,Cao Bằng,01/07/2024,75314785857
23-R5.7810,Phạm Văn T,988255352,Xe máy,Sơn La,05/08/2021,43490978916
17A-5680,Vũ Thị F,874223239,Ô tô con,Tuyên Quang,03/04/2023,51067163962
70U-6253,Võ Thị UU,708336556,Ô tô tải,An Giang,30/04/2020,19085416931
15K-46194,Nguyễn Thị GG,946673883,Xe bán tải,Bắc Kạn,27/09/2025,51401443992
TH-27-46,Mai Thị L,791496573,Xe chuyên dụng,Đắk Lắk,29/04/2024,2381910585
68-F7.96377,Hoàng Thị KK,392834373,Xe máy,Vĩnh Long,04/08/2023,26693109907
63E-8281,Mai Thị L,347519842,Ô tô khách,TP. Hồ Chí Minh,02/09/2025,26149448906
54G-18547,Phạm Thị D,822376673,Ô tô con,Gia Lai,18/09/2020,26745250164
43C-9331,Mai Thị L,767555176,Ô tô con,Quảng Trị,06/07/2020,56475063795
42D-19337,Võ Thị UU,708336556,Ô tô tải,Quảng Bình,11/06/2021,42173998817
TH-82-18,Mai Thị L,955514577,Xe chuyên dụng,Thừa Thiên Huế,29/06/2022,74807599003
50-N7.7021,Hoàng Thị U,955436014,Xe máy,Khánh Hòa,03/03/2022,12019321716
59M-6105,Đỗ Văn Z,862470456,Ô tô khách,Tây Ninh,28/10/2022,10468128367
72X-4480,Đinh Thị CC,376340456,Ô tô tải,Cần Thơ,30/05/2022,8587942536
TH-84-78,Mai Thị L,392365847,Xe chuyên dụng,Nam Định,15/04/2020,74684516865
70M-7317,Lý Văn K,785263728,Ô tô khách,An Giang,02/10/2021,62051505717
27N-9384,Đỗ Thị J,871457069,Ô tô khách,Bắc Giang,29/07/2022,42839641360
46F-9118,Ngô Thị OO,878243843,Ô tô tải,Quảng Nam,12/07/2025,34596285496
27R-6649,Ngô Văn I,857434267,Ô tô tải,Bắc Giang,16/06/2025,45012622641
22J-26516,Võ Văn O,849669323,Ô tô tải,Yên Bái,17/10/2020,68769889223
53G-76285,Trần Văn XX,824888344,Ô tô khách,Kon Tum,28/08/2024,38872067057
72L-8928,Vũ Văn LL,985892009,Ô tô khách,Cần Thơ,04/04/2020,75966008009
70T-57756,Hồ Văn TT,771744311,Xe bán tải,An Giang,17/03/2022,6156096924
52Y-2866,Lý Thị AA,709302510,Ô tô tải,Bình Thuận,11/09/2025,43671707561
25N-47326,Phạm Văn T,774716274,Xe bán tải,Thái Nguyên,23/11/2023,74520981143
58R-4533,Mai Thị L,816464390,Ô tô khách,Bình Phước,12/08/2020,66366704094
58F-3240,Võ Văn O,834339495,Xe bán tải,Bình Phước,29/04/2022,37797897946
69J-8403,Trần Văn HH,886955594,Ô tô tải,Đồng Tháp,04/10/2024,34813939909
47Y-2919,Đỗ Văn Z,396941824,Ô tô khách,Quảng Ngãi,06/01/2021,17217181146
24A-46937,Phạm Thị D,985019097,Xe bán tải,Hòa Bình,08/04/2025,54043054594
74Y-50298,Hồ Văn TT,867621539,Ô tô khách,Sóc Trăng,21/08/2021,22201333952
11T-7620,Lê Thị YY,989017613,Ô tô con,Hà Nội,14/07/2025,33113823589
72-N2.64764,Mai Thị L,762689495,Xe máy,Cần Thơ,11/07/2023,26881617275
41G-6839,Hoàng Thị KK,903809790,Ô tô khách,Hà Tĩnh,09/02/2022,75353139762
61K-73199,Nguyễn Thị GG,856693583,Ô tô con,Đồng Nai,18/01/2020,47191500725
TH-96-94,Lê Thị S,961619472,Xe chuyên dụng,Kon Tum,08/11/2023,4645535566
34-F8.3846,Vũ Thị F,382461278,Xe máy,Thái Bình,27/09/2023,48983460725
TH-54-65,Trần Văn R,824888344,Xe chuyên dụng,Bắc Giang,10/01/2025,70810850224
11-J6.53377,Đặng Thị MM,838404964,Xe máy,Hà Nội,30/08/2025,38863123332
43E-5477,Trần Văn XX,782290590,Ô tô con,Quảng Trị,21/03/2023,24645570360
70-Y1.3552,Mai Văn BB,912891561,Xe máy,An Giang,08/06/2021,46486270295
73D-1555,Mai Thị L,760932621,Ô tô tải,Hậu Giang,22/05/2021,45760498898
TH-75-30,Phạm Văn T,380104986,Xe chuyên dụng,Đồng Nai,01/11/2021,51708912307
19U-5319,Lý Thị AA,360062669,Xe bán tải,Điện Biên,06/11/2021,10315008221
19-U7.2345,Trần Văn HH,386153531,Xe máy,Điện Biên,26/02/2021,34887810373
75K-5284,Võ Thị UU,932986078,Xe bán tải,Bạc Liêu,14/08/2023,56806003534
TH-55-85,Đinh Thị CC,946533151,Xe chuyên dụng,Thái Nguyên,25/05/2021,35419701975
66-C5.83225,Phạm Văn JJ,874223239,Xe máy,Bến Tre,08/08/2020,45576397815
29-R7.8916,Đỗ Văn PP,975484820,Xe máy,Bắc Ninh,31/10/2020,31156323613
28N-5603,Lê Thị II,785263728,Ô tô khách,Phú Thọ,05/03/2021,64876245055
23X-33186,Đinh Văn M,346306659,Xe bán tải,Sơn La,01/12/2024,8906737574
40S-5606,Hồ Văn TT,702447904,Ô tô con,Nghệ An,18/01/2022,14244812506
67-J9.49122,Đỗ Văn PP,817867077,Xe máy,Trà Vinh,15/08/2020,27817413895
33K-42007,Phạm Văn ZZ,708336556,Ô tô khách,Hưng Yên,21/06/2020,77045107719
TH-93-69,Trần Văn R,947755410,Xe chuyên dụng,Hà Giang,14/10/2024,14574079267
19L-1272,Đinh Văn M,793501956,Ô tô khách,Điện Biên,22/02/2021,31271217305
20Y-3017,Hoàng Thị U,881896374,Ô tô khách,Lai Châu,04/01/2025,77177201372
21I-5720,Đỗ Văn Z,831451499,Ô tô tải,Phú Thọ,19/03/2021,40381026733
11Y-4301,Đinh Thị CC,357468200,Ô tô khách,Hà Nội,15/08/2021,8300722482
73S-4655,Lý Thị AA,704347327,Xe bán tải,Hậu Giang,13/04/2021,15926660919
29G-8566,Lý Văn K,911509811,Ô tô tải,Bắc Ninh,05/12/2020,74235329620
18-N3.4064,Nguyễn Văn A,843153240,Xe máy,Lào Cai,22/07/2024,38629443952
73U-70875,Bùi Văn NN,364108430,Ô tô khách,Hậu Giang,28/02/2025,26507970465
18I-7160,Hoàng Văn E,826261809,Ô tô con,Lào Cai,25/12/2022,56703989583
73M-98830,Nguyễn Thị WW,866203820,Ô tô con,Hậu Giang,05/04/2022,51377393578
72R-41523,Lý Thị AA,885040646,Ô tô khách,Cần Thơ,14/10/2024,56280932305
TH-86-36,Trần Văn HH,789802465,Xe chuyên dụng,Đắk Lắk,03/07/2020,34127266634
44Z-5075,Ngô Thị OO,351348662,Ô tô khách,Thừa Thiên Huế,28/09/2025,67772381734
TH-59-73,Mai Văn BB,902457560,Xe chuyên dụng,Hậu Giang,03/05/2022,51768464023
TH-32-89,Vũ Văn V,829182416,Xe chuyên dụng,Bắc Kạn,05/09/2025,67868160344
11R-21552,Phạm Văn JJ,322945882,Ô tô con,Hà Nội,02/12/2021,15152351458
75B-2946,Nguyễn Thị GG,972361325,Ô tô tải,Bạc Liêu,08/04/2023,60321293911
TH-16-92,Đỗ Thị J,792075409,Xe chuyên dụng,Quảng Trị,10/01/2025,14876521632
31T-5012,Mai Thị L,988255352,Ô tô con,Hải Phòng,21/02/2025,6269307354
11D-2664,Đặng Văn G,762689495,Ô tô con,Hà Nội,23/11/2023,60515610928
64B-9478,Vũ Thị F,991355629,Ô tô con,Long An,22/06/2020,31624728263
58-T1.8874,Trần Văn XX,857549669,Xe máy,Bình Phước,07/10/2022,15782103729
60A-8695,Đinh Văn M,871928837,Ô tô khách,Bình Dương,11/02/2024,40944612244
29-L1.38940,Đặng Văn G,331035691,Xe máy,Bắc Ninh,21/06/2020,17342785757
58J-9377,Đinh Văn M,824381602,Ô tô con,Bình Phước,24/09/2022,1050217106
50U-3661,Đặng Thị W,380104986,Xe bán tải,Khánh Hòa,31/05/2024,40162910357
64-X3.49517,Đinh Văn M,787884232,Xe máy,Long An,06/08/2025,2757123532
12Y-6527,Nguyễn Thị GG,902457560,Ô tô con,Hà Giang,11/01/2020,56001218928
53K-8264,Đỗ Văn PP,333987846,Xe bán tải,Kon Tum,18/07/2025,24921077242
TH-74-83,Võ Thị EE,885003859,Xe chuyên dụng,Bình Định,01/02/2020,75790834906
15X-35057,Phan Thị P,769417081,Ô tô khách,Bắc Kạn,28/10/2025,26651845825
41F-8825,Vũ Văn V,871928837,Ô tô khách,Hà Tĩnh,06/02/2021,20256897564
TH-77-71,Phạm Văn T,871928837,Xe chuyên dụng,Bạc Liêu,20/08/2022,19977212484
65Q-5502,Trần Văn XX,994519079,Ô tô khách,Tiền Giang,03/12/2023,40968688394
27S-7715,Đinh Văn M,995584430,Ô tô tải,Bắc Giang,05/04/2021,37020391628
74N-6392,Vũ Văn LL,343450947,Ô tô con,Sóc Trăng,15/01/2025,45909520105
48-K9.24117,Lý Thị QQ,331035691,Xe máy,Bình Định,23/03/2024,60474072183
43C-7686,Hồ Thị N,865856068,Ô tô khách,Quảng Trị,05/12/2021,11061485981
11R-6846,Lý Thị QQ,874223239,Ô tô con,Hà Nội,19/04/2024,74249333990
TH-51-42,Đặng Thị MM,976538448,Xe chuyên dụng,Hải Dương,02/11/2022,74274336494
64E-62048,Đinh Thị SS,786234361,Ô tô khách,Long An,10/10/2023,75105244940
28S-4528,Vũ Văn V,322945882,Ô tô khách,Phú Thọ,01/03/2021,22309119146
45M-95107,Lý Văn K,817885787,Ô tô con,Đà Nẵng,01/04/2023,14467675965
20W-73345,Đinh Thị SS,996722008,Ô tô con,Lai Châu,27/04/2023,19535509226
76O-4391,Đinh Văn M,322175726,Ô tô tải,Cà Mau,10/03/2020,77599812751
31C-3843,Nguyễn Văn Q,946673883,Ô tô khách,Hải Phòng,03/05/2020,26127899403
43R-24251,Bùi Văn NN,960797121,Ô tô khách,Quảng Trị,05/07/2023,38806823316
40G-4452,Mai Văn RR,363217378,Ô tô tải,Nghệ An,23/09/2020,2017330368
TH-22-73,Lê Văn C,356183104,Xe chuyên dụng,Hưng Yên,20/11/2020,36925096518
25U-52917,Lê Văn C,871928837,Ô tô khách,Thái Nguyên,21/09/2022,67912420872
TH-53-55,Hồ Văn TT,360684086,Xe chuyên dụng,Gia Lai,09/08/2021,25835383160
31Y-62500,Hồ Văn DD,762689495,Ô tô tải,Hải Phòng,01/09/2023,35443477413
35V-34549,Nguyễn Văn Q,709302510,Ô tô khách,Hà Nam,16/07/2023,77007974865
62Q-9611,Hoàng Văn E,347519842,Xe bán tải,Bà Rịa - Vũng Tàu,14/02/2024,33635515547
64Q-5261,Trần Văn HH,946673883,Ô tô khách,Long An,26/10/2021,22977339459
TH-21-42,Hồ Văn TT,862168671,Xe chuyên dụng,Yên Bái,10/10/2023,35792186260
TH-67-82,Lê Thị II,342386599,Xe chuyên dụng,Cao Bằng,08/08/2021,49604939457
25H-38676,Phạm Văn JJ,915680034,Ô tô con,Thái Nguyên,22/03/2023,70439862304
71-P7.7809,Đặng Văn G,938086508,Xe máy,Kiên Giang,26/04/2022,68789474624
68N-1472,Trần Văn XX,381761398,Xe bán tải,Vĩnh Long,03/01/2020,60708036791
59-I8.95113,Đỗ Văn PP,956757482,Xe máy,Tây Ninh,20/08/2021,75455041554
TH-45-31,Võ Thị EE,392266670,Xe chuyên dụng,An Giang,12/12/2024,64976668129
24D-4879,Đỗ Văn Z,789904920,Ô tô tải,Hòa Bình,24/02/2024,52301200703
11-D7.1103,Võ Thị UU,879365527,Xe máy,Hà Nội,04/07/2024,38296309349
69W-62704,Hoàng Thị U,852154713,Ô tô khách,Đồng Tháp,24/02/2025,31427945732
TH-88-41,Ngô Văn I,938086508,Xe chuyên dụng,Ninh Thuận,08/10/2024,33714744066
73X-1046,Đỗ Văn PP,356183104,Ô tô con,Hậu Giang,12/05/2021,4499306229
41B-3929,Ngô Văn I,323429465,Ô tô tải,Hà Tĩnh,10/12/2020,36623487275
29-S1.8268,Võ Văn O,916561480,Xe máy,Bắc Ninh,25/09/2023,54023319640
TH-39-23,Ngô Văn I,702447904,Xe chuyên dụng,Phú Thọ,25/08/2022,77804808390
28-Y9.3349,Nguyễn Văn Q,903809790,Xe máy,Phú Thọ,05/11/2025,2027017113
47I-80480,Ngô Văn I,377889756,Ô tô tải,Quảng Ngãi,11/08/2022,35136943297
29I-7123,Đặng Văn G,704347327,Ô tô con,Bắc Ninh,17/09/2023,26297105719
33T-6543,Hồ Thị N,373269963,Ô tô con,Hưng Yên,11/08/2022,47814662661
22K-2461,Hồ Văn TT,866720486,Xe bán tải,Yên Bái,14/12/2023,48381391244
15U-9507,Phan Văn FF,824381602,Ô tô tải,Bắc Kạn,17/09/2024,36969381619
46V-3634,Nguyễn Văn A,912891561,Ô tô tải,Quảng Nam,06/04/2023,44505708511
TH-84-99,Lý Thị AA,934580222,Xe chuyên dụng,Hà Giang,24/02/2021,4285771098
11R-61187,Lý Văn K,984504769,Ô tô khách,Hà Nội,02/11/2025,31799765029
53Z-9242,Bùi Văn X,934580222,Ô tô con,Kon Tum,08/10/2025,2204252879
75B-7974,Trần Văn XX,705911005,Ô tô tải,Bạc Liêu,01/05/2022,43550641782
22S-83089,Đặng Thị MM,873336018,Xe bán tải,Yên Bái,23/08/2023,17874459306
53N-5324,Đinh Văn M,885040646,Xe bán tải,Kon Tum,02/04/2025,68946349720
41S-9745,Đinh Văn M,985019097,Xe bán tải,Hà Tĩnh,25/02/2022,17014897068
72L-6632,Phan Văn VV,774968060,Xe bán tải,Cần Thơ,02/01/2023,36971506744
TH-78-38,Võ Thị EE,378983096,Xe chuyên dụng,Hà Nam,09/03/2022,37661649335
58-Q5.6038,Lý Văn K,994519079,Xe máy,Bình Phước,26/04/2025,12653750855
56G-9702,Hồ Văn TT,347519842,Ô tô khách,Đắk Nông,09/01/2020,15529364505
76-X1.51530,Đặng Văn G,934580222,Xe máy,Cà Mau,12/01/2021,60304274770
41M-6034,Hồ Văn DD,381005256,Ô tô tải,Hà Tĩnh,03/11/2024,44811349248
47H-3703,Đinh Thị CC,843082065,Ô tô khách,Quảng Ngãi,17/04/2023,24845503136
49S-43356,Đỗ Văn PP,988053409,Ô tô khách,Phú Yên,30/11/2024,74545897678
TH-42-69,Đỗ Thị J,351348662,Xe chuyên dụng,Hòa Bình,06/07/2022,31721903960
11-K4.22874,Hoàng Thị U,989017613,Xe máy,Hà Nội,28/11/2023,1279293745
31-U3.63795,Bùi Văn X,945895856,Xe máy,Hải Phòng,18/12/2024,12621833560
TH-43-15,Đặng Văn G,347519842,Xe chuyên dụng,Tây Ninh,08/07/2021,62340694542
49-U7.3555,Trần Văn XX,791496573,Xe máy,Phú Yên,02/09/2023,75725237284
45L-2766,Lê Thị II,939627211,Ô tô con,Đà Nẵng,22/05/2024,54058960135
24H-4950,Võ Thị EE,996722008,Ô tô con,Hòa Bình,12/06/2021,51637369139
40V-14876,Phạm Văn ZZ,915253060,Ô tô khách,Nghệ An,16/01/2020,44773938643
21C-18831,Lý Văn K,865856068,Ô tô con,Phú Thọ,22/07/2023,15960004226
TH-87-87,Ngô Thị OO,950027672,Xe chuyên dụng,Yên Bái,16/12/2020,74734250857
69W-1890,Đỗ Văn Z,856693583,Ô tô con,Đồng Tháp,25/03/2020,52630715036
69-K7.3994,Nguyễn Thị GG,945895856,Xe máy,Đồng Tháp,31/03/2025,42988875291
42-T4.94818,Trần Thị B,396941824,Xe máy,Quảng Bình,22/02/2021,2744217447
TH-87-36,Võ Thị UU,962285056,Xe chuyên dụng,Tuyên Quang,19/05/2020,33835396280
66Q-5173,Phạm Văn T,782290590,Ô tô tải,Bến Tre,04/03/2022,52102347656
57G-42117,Đặng Văn G,987434055,Ô tô con,Lâm Đồng,17/11/2021,31812981848
40-X9.6837,Phạm Thị D,830503214,Xe máy,Nghệ An,28/07/2025,6583949408
50G-1189,Hoàng Thị KK,792075409,Xe bán tải,Khánh Hòa,13/01/2023,74215112046
33B-5901,Nguyễn Thị GG,914901663,Ô tô khách,Hưng Yên,18/09/2025,17770418601
51D-5123,Nguyễn Văn Q,915253060,Ô tô con,Ninh Thuận,30/06/2023,12591644279
55C-8453,Bùi Thị H,983278884,Ô tô khách,Đắk Lắk,27/02/2025,25311322798
54M-8758,Hoàng Thị U,922309357,Ô tô khách,Gia Lai,23/04/2020,70350554068
49-C1.4234,Mai Thị L,817885787,Xe máy,Phú Yên,03/02/2025,44762107414
TH-46-42,Hoàng Thị U,770202239,Xe chuyên dụng,Hòa Bình,14/03/2023,72538227774
57-K8.27420,Hoàng Thị KK,377788478,Xe máy,Lâm Đồng,19/12/2021,68569608069
74T-7702,Đinh Văn M,329971569,Ô tô con,Sóc Trăng,01/04/2022,30071280824
27D-6330,Trần Văn HH,916561480,Ô tô tải,Bắc Giang,23/10/2025,11913672680
70B-1247,Đinh Thị CC,866443247,Xe bán tải,An Giang,08/09/2021,64390360448
12G-7287,Lê Thị II,859486488,Ô tô tải,Hà Giang,16/05/2021,46652162088
62M-63970,Trần Thị B,947572506,Ô tô khách,Bà Rịa - Vũng Tàu,17/03/2024,60195295887
14O-4125,Trần Văn XX,392365847,Ô tô khách,Cao Bằng,07/03/2025,6644378352
12Y-4604,Đỗ Thị J,382039866,Xe bán tải,Hà Giang,27/04/2022,20444148157
TH-67-96,Bùi Văn X,330372606,Xe chuyên dụng,Hải Dương,23/08/2023,67874753921
73H-39309,Lý Văn K,857549669,Ô tô con,Hậu Giang,15/01/2020,2223556304
76D-23418,Phạm Văn ZZ,996722008,Ô tô con,Cà Mau,03/08/2025,12597075595
26X-54052,Vũ Thị F,351348662,Xe bán tải,Lạng Sơn,26/09/2022,44380748216
54V-1745,Phan Văn FF,838404964,Ô tô khách,Gia Lai,15/11/2024,20056058591
74-N4.58355,Trần Văn R,825258945,Xe máy,Sóc Trăng,07/09/2021,60471868224
68N-3775,Lý Thị AA,368344867,Ô tô tải,Vĩnh Long,15/05/2024,64952857359
69V-1536,Vũ Văn LL,938788515,Ô tô khách,Đồng Tháp,18/12/2024,4859743059
61U-6540,Mai Thị L,991355629,Ô tô khách,Đồng Nai,25/05/2023,38023703190
73M-90866,Bùi Thị H,345258962,Xe bán tải,Hậu Giang,19/10/2023,52981912198
TH-73-14,Đặng Thị MM,956757482,Xe chuyên dụng,Lào Cai,09/01/2022,22608709423
31D-10985,Hồ Văn TT,789686691,Ô tô con,Hải Phòng,11/03/2022,12176619362
35Z-3326,Đinh Thị CC,917920618,Ô tô tải,Hà Nam,29/02/2020,4702821810
TH-95-28,Phạm Văn JJ,999770958,Xe chuyên dụng,Thái Bình,02/09/2025,56464188874
65M-4638,Mai Văn RR,940729644,Ô tô con,Tiền Giang,21/06/2023,36484921049
TH-76-12,Lê Thị YY,810423680,Xe chuyên dụng,Bình Phước,01/04/2022,17376798019
22-Q6.9825,Ngô Thị OO,866720486,Xe máy,Yên Bái,03/04/2021,46425311233
52V-4850,Nguyễn Văn Q,915680034,Ô tô con,Bình Thuận,18/06/2025,8285703341
12E-1772,Lê Văn C,392365847,Ô tô khách,Hà Giang,31/12/2021,26723345659
49T-9999,Võ Thị UU,866720486,Ô tô khách,Phú Yên,29/06/2022,60961569506
17I-3492,Hồ Thị N,845535516,Ô tô khách,Tuyên Quang,02/08/2020,67888873454
38V-5464,Lê Thị YY,766470152,Ô tô tải,Thanh Hóa,10/04/2025,74577727026
46T-65007,Nguyễn Thị WW,912891561,Ô tô con,Quảng Nam,04/12/2020,8997976901
48S-98778,Lý Thị QQ,825326754,Xe bán tải,Bình Định,10/09/2022,75784383761
63B-8176,Mai Văn BB,704347327,Ô tô tải,TP. Hồ Chí Minh,19/04/2025,47098110111
31A-9922,Lý Văn K,881896374,Ô tô con,Hải Phòng,08/10/2022,14360256202
75T-87247,Đặng Thị W,963251738,Ô tô con,Bạc Liêu,17/04/2024,56571061764
52Z-8215,Bùi Thị H,335768829,Xe bán tải,Bình Thuận,08/11/2023,44470360416
75E-5578,Mai Văn BB,814337626,Ô tô tải,Bạc Liêu,16/06/2025,70172728461
50-F6.18058,Lê Văn C,946673883,Xe máy,Khánh Hòa,20/06/2023,37482810618
54K-1119,Hồ Văn DD,888725138,Ô tô con,Gia Lai,31/05/2021,30804168166
35D-31235,Mai Thị L,906105434,Ô tô tải,Hà Nam,07/01/2022,77992513457
27Y-7355,Lê Thị S,888725138,Ô tô khách,Bắc Giang,15/07/2023,62510586580
24Z-9606,Trần Văn R,988255352,Ô tô con,Hòa Bình,16/12/2024,31652799807
22R-83155,Bùi Văn X,903809790,Xe bán tải,Yên Bái,23/11/2021,33717327910
23T-27892,Võ Văn O,961357872,Ô tô khách,Sơn La,17/07/2021,67455861776
57B-8261,Phan Văn FF,862168671,Ô tô tải,Lâm Đồng,28/11/2020,48750277533
53L-5417,Vũ Thị F,822376673,Ô tô con,Kon Tum,13/08/2025,24200838269
22-J3.11306,Đinh Thị SS,376340456,Xe máy,Yên Bái,28/05/2021,14759026676
36O-6217,Bùi Văn NN,829182416,Ô tô khách,Nam Định,27/06/2021,8687188630
53R-90947,Lê Văn C,838404964,Xe bán tải,Kon Tum,05/08/2023,74200962126
41R-6309,Lê Văn C,786234361,Xe bán tải,Hà Tĩnh,21/11/2023,6051628668
TH-80-75,Bùi Văn X,705911005,Xe chuyên dụng,Bắc Kạn,26/07/2023,62395504538
58-T1.10500,Phan Văn FF,946673883,Xe máy,Bình Phước,27/07/2021,54278818170
11-Z7.5597,Trần Văn R,395214155,Xe máy,Hà Nội,26/01/2020,15793959472
44F-6952,Nguyễn Thị GG,946533151,Ô tô con,Thừa Thiên Huế,30/05/2024,14548005384
14-M9.6467,Mai Văn RR,941356555,Xe máy,Cao Bằng,15/10/2021,54941985248
40S-42020,Đỗ Văn PP,360062669,Ô tô khách,Nghệ An,17/04/2023,54444625145
19I-1201,Ngô Thị Y,357404302,Xe bán tải,Điện Biên,26/06/2025,45690858030
TH-54-81,Nguyễn Thị GG,946533151,Xe chuyên dụng,Điện Biên,01/08/2020,4490186453
48P-28894,Lê Văn C,392834373,Ô tô tải,Bình Định,17/12/2024,46312890734
33-Q7.9797,Bùi Thị H,347519842,Xe máy,Hưng Yên,16/09/2024,15716978524
52J-9856,Võ Văn O,989017613,Ô tô khách,Bình Thuận,30/07/2021,56878846670
38D-6470,Đinh Văn M,972361325,Ô tô tải,Thanh Hóa,15/01/2021,67551604261
44A-4643,Nguyễn Thị GG,771744311,Ô tô con,Thừa Thiên Huế,02/09/2023,40476948864
15K-6039,Đặng Thị W,986854894,Xe bán tải,Bắc Kạn,03/06/2023,66886653181
49-H2.19672,Trần Văn HH,791496573,Xe máy,Phú Yên,12/08/2023,60182198426
57G-3637,Hồ Thị N,364108430,Xe bán tải,Lâm Đồng,25/11/2023,22908094919
19Q-5965,Lý Văn K,953672079,Ô tô khách,Điện Biên,14/07/2023,4944149581
33-T2.9626,Đặng Thị W,903809790,Xe máy,Hưng Yên,21/07/2025,10772270417
25-Y4.4514,Vũ Văn LL,707079467,Xe máy,Thái Nguyên,08/09/2021,58586082924
60P-9494,Hồ Văn DD,903330218,Ô tô khách,Bình Dương,27/10/2023,49844871123
31Y-55502,Mai Văn BB,346508417,Xe bán tải,Hải Phòng,18/09/2020,48761560935
75U-73324,Trần Văn HH,761832770,Ô tô khách,Bạc Liêu,21/05/2020,26674504739
TH-52-94,Đỗ Văn Z,963463306,Xe chuyên dụng,Kon Tum,01/01/2022,52314363567
12G-6808,Hồ Thị N,798450946,Ô tô tải,Hà Giang,12/01/2023,43815298078
56P-8830,Phạm Văn JJ,787884232,Ô tô tải,Đắk Nông,26/08/2025,6967429082
44-B8.9808,Phạm Thị D,885003859,Xe máy,Thừa Thiên Huế,06/01/2022,42677770800
46P-9508,Phạm Văn T,952160532,Ô tô khách,Quảng Nam,14/07/2023,19907723803
TH-53-47,Hoàng Văn E,771744311,Xe chuyên dụng,Đồng Tháp,27/05/2025,15250761629
74J-5177,Đinh Thị CC,774968060,Ô tô khách,Sóc Trăng,15/02/2020,38216869484
23-K4.75855,Phạm Thị D,906007080,Xe máy,Sơn La,24/04/2021,46017123711
34D-6384,Hoàng Thị KK,963463306,Ô tô khách,Thái Bình,02/05/2023,11308817500
40H-3153,Ngô Văn I,810423680,Ô tô con,Nghệ An,06/11/2020,62590365871
TH-63-92,Nguyễn Văn Q,929522072,Xe chuyên dụng,Tiền Giang,16/11/2021,42352907093
TH-52-55,Phạm Văn ZZ,906007080,Xe chuyên dụng,TP. Hồ Chí Minh,28/06/2020,64613504791
67L-5498,Trần Thị B,785263728,Ô tô tải,Trà Vinh,05/01/2020,24945020693
TH-25-82,Phạm Văn JJ,994519079,Xe chuyên dụng,Đồng Nai,11/04/2022,49470597252
59D-4184,Lý Thị QQ,795681116,Ô tô tải,Tây Ninh,10/12/2022,54637330725
66L-9810,Bùi Thị H,373049083,Ô tô tải,Bến Tre,11/04/2020,36501274246
28I-9846,Nguyễn Văn A,371697771,Ô tô tải,Phú Thọ,25/03/2022,34637482388
TH-42-20,Trần Văn R,831451499,Xe chuyên dụng,Cao Bằng,02/09/2022,20540574533
36N-65946,Ngô Thị Y,380789206,Ô tô con,Nam Định,26/08/2025,35681780226
TH-10-70,Đỗ Văn Z,903330218,Xe chuyên dụng,Bình Phước,25/03/2024,33930189472
71M-4061,Vũ Thị F,915253060,Ô tô con,Kiên Giang,04/04/2021,6275949748
24L-9847,Nguyễn Thị GG,817007910,Ô tô tải,Hòa Bình,08/06/2025,37219065425
57Z-6603,Phan Thị P,874223239,Ô tô khách,Lâm Đồng,26/09/2020,27204674201
14Q-15240,Hoàng Thị KK,926605604,Xe bán tải,Cao Bằng,03/02/2023,70027901956
44V-7168,Hoàng Văn E,923544723,Ô tô con,Thừa Thiên Huế,23/04/2025,45097225432
31I-9762,Đỗ Thị J,357468200,Ô tô tải,Hải Phòng,14/08/2021,30917675426
14I-18124,Hoàng Thị U,323429465,Ô tô tải,Cao Bằng,05/05/2023,34272069995
70P-3560,Nguyễn Thị WW,993520642,Ô tô khách,An Giang,16/12/2022,58037174340
63Z-9788,Lý Thị QQ,960797121,Ô tô khách,TP. Hồ Chí Minh,19/08/2021,48923024517
TH-97-74,Mai Văn RR,708336556,Xe chuyên dụng,Sóc Trăng,24/05/2025,67237979273
45W-78513,Hoàng Văn E,845535516,Ô tô khách,Đà Nẵng,20/12/2021,4394463791
14M-9061,Hồ Văn DD,399804967,Xe bán tải,Cao Bằng,02/05/2020,2538809084
TH-51-49,Nguyễn Thị GG,995584430,Xe chuyên dụng,Thái Bình,07/06/2025,38983531667
TH-99-66,Đặng Thị W,976538448,Xe chuyên dụng,Quảng Trị,24/03/2023,68369194641
62U-8224,Lê Văn C,991355629,Ô tô khách,Bà Rịa - Vũng Tàu,10/01/2022,14123654572
46A-9675,Phạm Thị D,961619472,Xe bán tải,Quảng Nam,07/05/2021,52938709397
66U-6650,Hồ Văn TT,322945882,Ô tô con,Bến Tre,10/02/2023,49874703655
48-C1.81828,Lê Thị S,835570008,Xe máy,Bình Định,02/03/2020,17222440636
TH-91-11,Mai Thị L,885040646,Xe chuyên dụng,Kon Tum,26/07/2021,2663249901
45Q-2111,Hoàng Thị KK,972361325,Xe bán tải,Đà Nẵng,13/12/2024,10105570979
26-J9.93413,Hồ Văn DD,825258945,Xe máy,Lạng Sơn,24/10/2022,64359219427
37-K1.6622,Hồ Văn TT,857549669,Xe máy,Ninh Bình,27/04/2022,36009991916
59-F1.2954,Mai Văn BB,392365847,Xe máy,Tây Ninh,04/08/2025,19149632403
62-R2.12396,Lý Thị AA,392365847,Xe máy,Bà Rịa - Vũng Tàu,10/04/2020,38956470924
TH-12-95,Nguyễn Thị WW,775042381,Xe chuyên dụng,Cao Bằng,10/10/2025,4396850252
19X-1580,Phạm Văn T,709302510,Xe bán tải,Điện Biên,17/08/2025,36291519194
38-A9.7063,Bùi Thị H,963251738,Xe máy,Thanh Hóa,31/08/2023,67492602884
51E-8501,Ngô Thị OO,845535516,Ô tô con,Ninh Thuận,06/10/2022,48019831738
TH-14-72,Đỗ Văn PP,993520642,Xe chuyên dụng,Cần Thơ,09/05/2023,31018535699
58P-74454,Hoàng Thị KK,810423680,Ô tô khách,Bình Phước,28/04/2023,12641017835
37-Q2.2583,Phạm Văn ZZ,986854894,Xe máy,Ninh Bình,28/05/2021,2241705301
TH-33-50,Trần Thị B,994519079,Xe chuyên dụng,Bến Tre,09/07/2020,22873635933
51-V3.71852,Lê Thị II,940729644,Xe máy,Ninh Thuận,14/10/2022,46482310491
35-A4.4369,Phạm Thị D,950027672,Xe máy,Hà Nam,01/08/2024,42405198823
54-Y7.82552,Nguyễn Thị GG,859881426,Xe máy,Gia Lai,13/08/2023,42057598335
29-A6.7542,Hoàng Văn E,377889756,Xe máy,Bắc Ninh,29/01/2020,46165384210
69J-5515,Đỗ Văn PP,762689495,Xe bán tải,Đồng Tháp,16/07/2024,46817110147
22-B6.20009,Nguyễn Văn A,360062669,Xe máy,Yên Bái,20/03/2022,48426646333
42-J9.4026,Lê Thị S,918336900,Xe máy,Quảng Bình,29/10/2021,72361477973
TH-59-45,Hoàng Thị KK,348143428,Xe chuyên dụng,Phú Thọ,29/12/2023,36327124456
73H-7778,Đinh Thị CC,830503214,Ô tô con,Hậu Giang,15/11/2024,26768442081
TH-44-10,Trần Văn XX,381005256,Xe chuyên dụng,Lâm Đồng,10/09/2023,33007544140
28Q-91160,Bùi Thị H,322989105,Ô tô tải,Phú Thọ,18/03/2025,43320362627
73U-4630,Ngô Thị Y,836513361,Ô tô con,Hậu Giang,09/02/2023,33393271136
75C-1093,Hoàng Thị KK,361993659,Ô tô tải,Bạc Liêu,04/08/2021,48115633564
30T-7404,Phạm Văn ZZ,839508773,Ô tô con,Hải Dương,21/05/2020,46093207004
47F-6969,Lê Thị II,945895856,Ô tô con,Quảng Ngãi,06/10/2024,30914729349
68-G1.21210,Đỗ Thị J,999770958,Xe máy,Vĩnh Long,28/08/2020,14736204968
27N-94215,Nguyễn Thị GG,335768829,Xe bán tải,Bắc Giang,05/02/2020,70799839442
11-A8.8816,Phan Văn VV,352694611,Xe máy,Hà Nội,12/03/2025,19922173303
70X-2011,Phan Thị P,914901663,Xe bán tải,An Giang,14/07/2025,34680826087
29Y-7323,Ngô Thị OO,974827781,Ô tô khách,Bắc Ninh,06/05/2023,4124068867
47N-1699,Hồ Văn TT,911842180,Xe bán tải,Quảng Ngãi,05/09/2024,46714209549
17Q-8733,Phan Thị P,365250518,Ô tô con,Tuyên Quang,31/10/2023,62738696150
42-E5.5956,Phan Văn VV,323429465,Xe máy,Quảng Bình,12/05/2025,22139114712
28F-1861,Đinh Thị CC,984504769,Ô tô tải,Phú Thọ,09/11/2022,70404098342
TH-77-13,Hồ Văn DD,331035691,Xe chuyên dụng,Nghệ An,13/07/2024,68926447416
55Q-22173,Phạm Văn ZZ,793501956,Ô tô khách,Đắk Lắk,10/02/2020,62407955919
15-W3.20536,Bùi Văn X,815796659,Xe máy,Bắc Kạn,01/02/2024,48822732809
58-M9.5080,Mai Văn RR,822376673,Xe máy,Bình Phước,04/02/2025,56373356342
12R-39970,Đỗ Thị J,329244497,Ô tô tải,Hà Giang,08/03/2023,35135934973
58-M8.58539,Bùi Văn NN,969583713,Xe máy,Bình Phước,23/10/2020,20755628244
61E-63342,Trần Văn HH,774968060,Xe bán tải,Đồng Nai,17/08/2023,51287128782
49N-2447,Võ Thị EE,700009014,Ô tô con,Phú Yên,22/12/2024,43521562300
58D-35261,Phan Thị P,787422823,Xe bán tải,Bình Phước,24/11/2023,8366497480
37-C3.6899,Võ Văn O,926605604,Xe máy,Ninh Bình,22/01/2022,45986495535
70G-5569,Ngô Văn I,859486488,Ô tô con,An Giang,08/09/2022,77564170999
67U-1683,Đỗ Thị J,816464390,Ô tô tải,Trà Vinh,19/02/2021,64609764858
75O-4001,Mai Văn RR,354417918,Ô tô con,Bạc Liêu,24/01/2025,1731934545
64D-7099,Bùi Văn NN,380104986,Ô tô con,Long An,04/07/2020,54696806147
67-E2.58087,Mai Văn RR,396179685,Xe máy,Trà Vinh,28/09/2023,56453375900
24M-1936,Đặng Thị MM,963463306,Ô tô con,Hòa Bình,07/01/2020,34568031748
43V-27459,Đinh Văn M,360062669,Xe bán tải,Quảng Trị,24/10/2025,22331333409
57R-94622,Hồ Văn TT,975562189,Ô tô con,Lâm Đồng,19/12/2022,1364089696
57A-8988,Trần Thị B,702790458,Xe bán tải,Lâm Đồng,12/06/2025,72028193115
66K-1761,Đặng Văn G,794612959,Ô tô con,Bến Tre,13/03/2025,48550295921
73X-9428,Trần Thị B,380648659,Xe bán tải,Hậu Giang,23/08/2022,11239069013
63Y-2493,Vũ Thị F,331035691,Ô tô con,TP. Hồ Chí Minh,20/08/2022,12657091140
TH-26-95,Nguyễn Văn Q,874223239,Xe chuyên dụng,Gia Lai,17/08/2022,56888465345
19-R1.2562,Võ Văn O,946533151,Xe máy,Điện Biên,08/11/2022,8404589346
42I-4164,Vũ Thị F,810423680,Xe bán tải,Quảng Bình,29/03/2024,45986302809
43-E4.66446,Nguyễn Thị WW,954900295,Xe máy,Quảng Trị,16/04/2025,20845868207
11O-63762,Lý Thị QQ,842021945,Ô tô con,Hà Nội,01/03/2022,36454022321
68J-9896,Nguyễn Văn Q,370260561,Xe bán tải,Vĩnh Long,24/10/2021,51234111914
44-K5.9365,Đặng Văn G,918336900,Xe máy,Thừa Thiên Huế,06/03/2020,51433486768
22U-8120,Đinh Văn M,918336900,Ô tô khách,Yên Bái,01/08/2025,34376409258
58Z-1665,Trần Thị B,947614325,Ô tô khách,Bình Phước,26/11/2022,42086520290
24-S7.75327,Đặng Thị W,779868355,Xe máy,Hòa Bình,30/08/2021,27039484567
67-D5.4071,Đặng Thị MM,702447904,Xe máy,Trà Vinh,28/10/2022,72317971238
49B-3067,Võ Văn O,784375339,Ô tô con,Phú Yên,17/05/2024,77262351314
57-U1.57313,Trần Văn HH,839508773,Xe máy,Lâm Đồng,29/08/2022,17146131846
47-V6.42445,Võ Thị EE,885040646,Xe máy,Quảng Ngãi,01/10/2020,70378033207
58F-5762,Lê Thị S,955436014,Xe bán tải,Bình Phước,21/12/2020,34930648262
33P-8352,Ngô Văn I,934580222,Ô tô khách,Hưng Yên,27/01/2022,38244446268
68-D7.51262,Võ Thị UU,952160532,Xe máy,Vĩnh Long,11/12/2020,37114140953
TH-69-81,Đinh Thị SS,322989105,Xe chuyên dụng,Bạc Liêu,27/05/2021,64170944570
42H-84950,Võ Thị UU,972361325,Ô tô khách,Quảng Bình,02/06/2024,10333698928
38A-94059,Mai Văn BB,969583713,Ô tô con,Thanh Hóa,02/04/2025,34675846909
67-U9.41831,Đặng Thị MM,330372606,Xe máy,Trà Vinh,01/07/2025,43309026277
56N-7443,Hoàng Thị KK,901177876,Xe bán tải,Đắk Nông,27/10/2024,77874996244
36X-8077,Vũ Văn V,373269963,Ô tô tải,Nam Định,12/04/2022,36751237899
33C-13204,Phạm Văn JJ,702447904,Ô tô con,Hưng Yên,30/05/2025,30088235608
74-X3.4284,Nguyễn Thị GG,372646487,Xe máy,Sóc Trăng,11/05/2025,43919531523
73E-6379,Phạm Thị D,854942334,Xe bán tải,Hậu Giang,09/11/2023,22401157638
53-O1.32165,Ngô Thị OO,866443247,Xe máy,Kon Tum,07/05/2023,27993545650
TH-51-15,Phan Thị P,338219649,Xe chuyên dụng,Bình Dương,06/03/2021,1436416749
TH-94-13,Phan Thị P,824381602,Xe chuyên dụng,Đắk Lắk,29/10/2024,64679321536
45F-47381,Lý Văn K,817007910,Ô tô tải,Đà Nẵng,02/12/2021,31427474631
54W-1228,Lê Thị II,830503214,Xe bán tải,Gia Lai,19/12/2024,24210833598
37H-5634,Lê Thị II,377889756,Xe bán tải,Ninh Bình,24/03/2021,49979277298
35-Q5.5253,Ngô Thị OO,782290590,Xe máy,Hà Nam,18/04/2024,51272469104
64-T5.34203,Lê Thị YY,906805887,Xe máy,Long An,28/11/2023,6296230013
26M-53801,Đinh Thị CC,382715229,Ô tô tải,Lạng Sơn,12/12/2023,60784339259
TH-59-12,Nguyễn Thị WW,930776605,Xe chuyên dụng,Hòa Bình,09/10/2023,62515052692
18M-2946,Võ Văn O,882920203,Ô tô khách,Lào Cai,09/05/2025,17813849508
55O-6144,Lý Văn K,885003859,Ô tô khách,Đắk Lắk,15/10/2020,33810138841
56B-52202,Phạm Văn JJ,841255176,Ô tô con,Đắk Nông,14/10/2020,64485603154
20Z-3626,Vũ Văn LL,771744311,Ô tô khách,Lai Châu,21/04/2020,4552625763
51M-6512,Đinh Thị CC,789802465,Xe bán tải,Ninh Thuận,28/03/2024,20306790854
66A-88420,Vũ Văn LL,987797531,Ô tô con,Bến Tre,05/02/2021,58469040493
59R-5379,Phạm Văn JJ,357404302,Ô tô khách,Tây Ninh,17/11/2023,45760214119
15R-4105,Võ Thị EE,789686691,Xe bán tải,Bắc Kạn,20/07/2021,17290245193
TH-57-11,Ngô Thị Y,784375339,Xe chuyên dụng,Bắc Ninh,14/02/2023,1818712460
17Z-94959,Đỗ Thị J,399804967,Ô tô tải,Tuyên Quang,04/05/2020,19779664710
64-H1.9638,Võ Thị EE,986854894,Xe máy,Long An,10/07/2021,2741836528
18B-4527,Đỗ Văn Z,829182416,Xe bán tải,Lào Cai,21/04/2020,67801332283
64C-7476,Đinh Văn M,378983096,Ô tô khách,Long An,14/01/2023,15237429912
63W-4196,Đặng Thị W,335618363,Ô tô con,TP. Hồ Chí Minh,17/09/2020,44882426879
27G-44875,Nguyễn Thị GG,838404964,Xe bán tải,Bắc Giang,21/03/2024,68043989252
41-P6.6642,Võ Thị EE,327017540,Xe máy,Hà Tĩnh,22/08/2025,4978892182
65K-1556,Vũ Thị F,789686691,Ô tô tải,Tiền Giang,17/07/2023,68116222555
44R-6458,Đỗ Văn Z,928808926,Xe bán tải,Thừa Thiên Huế,06/10/2021,43395001708
52P-4007,Nguyễn Thị GG,991355629,Xe bán tải,Bình Thuận,06/03/2020,1353717416
TH-38-53,Đặng Văn G,373269963,Xe chuyên dụng,Đắk Nông,19/12/2021,35886851691
40N-3218,Phạm Văn T,864386632,Ô tô khách,Nghệ An,21/01/2024,75197508296
29B-5379,Phạm Văn ZZ,999770958,Ô tô tải,Bắc Ninh,14/06/2022,12938675900
71-O3.51971,Trần Văn XX,983278884,Xe máy,Kiên Giang,05/10/2023,30794692268
34U-8235,Phan Văn VV,924891690,Ô tô khách,Thái Bình,16/04/2021,37412227809
43W-7767,Đinh Thị CC,929291982,Ô tô tải,Quảng Trị,07/02/2023,52070163032
40G-8417,Lý Văn K,392834373,Ô tô con,Nghệ An,07/05/2021,36901409948
53W-3829,Mai Văn RR,390204272,Ô tô tải,Kon Tum,14/08/2021,30045424373
20S-9732,Bùi Văn NN,368897953,Ô tô khách,Lai Châu,09/09/2021,75351065388
TH-92-68,Võ Thị UU,365250518,Xe chuyên dụng,Gia Lai,24/11/2020,30063323608
18Y-1182,Phạm Văn JJ,810423680,Ô tô tải,Lào Cai,21/02/2022,49533234068
50T-8841,Nguyễn Thị GG,825258945,Ô tô con,Khánh Hòa,13/02/2023,46770337427
30F-63663,Đinh Thị SS,961357872,Ô tô tải,Hải Dương,12/08/2023,44376982190
24X-2375,Hồ Văn TT,849669323,Ô tô khách,Hòa Bình,13/10/2021,43549605626
60-Q1.5195,Bùi Văn NN,770202239,Xe máy,Bình Dương,28/05/2025,66640531433
43U-48268,Mai Văn RR,862168671,Ô tô tải,Quảng Trị,11/03/2020,45731873535
29D-42177,Trần Văn R,940729644,Xe bán tải,Bắc Ninh,06/06/2025,51501445559
41J-3389,Phan Thị P,958351008,Ô tô con,Hà Tĩnh,16/10/2022,14266876331
24-D5.56554,Hoàng Thị KK,986854894,Xe máy,Hòa Bình,28/12/2024,77265370422
22-Y6.1714,Lê Văn C,707079467,Xe máy,Yên Bái,27/05/2020,54877829352
74V-14021,Trần Văn R,793501956,Xe bán tải,Sóc Trăng,23/06/2024,56104167419
73J-9709,Hồ Văn DD,332752732,Ô tô tải,Hậu Giang,29/07/2024,45869218827
24P-2957,Trần Văn XX,930776605,Ô tô khách,Hòa Bình,07/03/2024,70845878849
72M-4537,Lê Văn C,876484348,Ô tô tải,Cần Thơ,16/05/2024,64851872724
TH-23-76,Đinh Thị CC,360684086,Xe chuyên dụng,Đắk Lắk,21/02/2020,17411957230
48J-8219,Bùi Văn NN,334843646,Ô tô khách,Bình Định,11/10/2023,25907411311
TH-74-23,Bùi Văn NN,346306659,Xe chuyên dụng,Phú Yên,19/04/2020,1267112891
69T-7215,Võ Văn O,367510649,Xe bán tải,Đồng Tháp,23/08/2024,33168392837
38-M7.9400,Nguyễn Thị GG,839508773,Xe máy,Thanh Hóa,28/03/2020,37139830699
75C-7129,Lý Thị AA,956757482,Ô tô con,Bạc Liêu,21/01/2024,31685345426
TH-37-61,Lê Thị YY,333987846,Xe chuyên dụng,Cà Mau,27/11/2021,4984592481
72E-78073,Bùi Văn NN,818434203,Ô tô con,Cần Thơ,10/07/2024,49231128296
22-O7.9968,Lý Văn K,961357872,Xe máy,Yên Bái,04/05/2022,34006144960
25-L7.56385,Hoàng Thị KK,373695916,Xe máy,Thái Nguyên,01/11/2025,51727160372
11E-26633,Phạm Thị D,922309357,Xe bán tải,Hà Nội,06/08/2024,54166245429
TH-32-30,Nguyễn Văn Q,988255352,Xe chuyên dụng,TP. Hồ Chí Minh,12/01/2025,27435188706
62M-4830,Đinh Thị SS,871457069,Ô tô con,Bà Rịa - Vũng Tàu,28/09/2020,19742083151
TH-96-58,Vũ Văn V,767555176,Xe chuyên dụng,Phú Thọ,04/04/2022,35110437806
21C-9869,Lý Thị QQ,997466289,Ô tô con,Phú Thọ,29/06/2025,75114438312
38U-4934,Võ Văn O,994519079,Ô tô tải,Thanh Hóa,21/04/2021,66765328497
48-C2.5951,Võ Văn O,825258945,Xe máy,Bình Định,05/09/2023,4021792070
49K-62002,Ngô Thị Y,789802465,Xe bán tải,Phú Yên,09/01/2021,33758588452
23L-2026,Võ Văn O,373049083,Xe bán tải,Sơn La,18/03/2023,15712441332
75E-2862,Nguyễn Thị GG,792075409,Xe bán tải,Bạc Liêu,14/07/2025,68084713959
59W-46593,Đặng Văn G,709302510,Xe bán tải,Tây Ninh,02/05/2022,36904111448
44Q-3695,Phạm Thị D,918336900,Ô tô tải,Thừa Thiên Huế,12/03/2020,47657409430
19P-7808,Trần Văn R,771744311,Xe bán tải,Điện Biên,16/06/2022,70434496132
46Z-5924,Võ Thị EE,923544723,Ô tô khách,Quảng Nam,02/07/2020,51563220200
36X-17685,Đỗ Văn Z,789904920,Ô tô con,Nam Định,12/10/2023,77406383405
44-G2.9968,Hồ Thị N,822376673,Xe máy,Thừa Thiên Huế,09/09/2022,26356207011
74-S6.3380,Ngô Thị Y,329971569,Xe máy,Sóc Trăng,03/05/2023,27032543235
19G-28125,Đinh Thị SS,338219649,Xe bán tải,Điện Biên,11/10/2022,25623167209
63Q-95553,Mai Văn BB,826261809,Ô tô con,TP. Hồ Chí Minh,04/02/2020,8423785608
61Y-79994,Phạm Văn JJ,947614325,Xe bán tải,Đồng Nai,20/11/2020,25162582462
TH-51-65,Phạm Văn ZZ,328037002,Xe chuyên dụng,Hà Nam,17/11/2020,38027468278
52Z-7667,Đặng Văn G,371697771,Ô tô khách,Bình Thuận,06/08/2020,44301063520
TH-92-69,Bùi Văn X,382715229,Xe chuyên dụng,Sơn La,31/12/2022,54021792774
53V-36588,Nguyễn Thị GG,346306659,Ô tô con,Kon Tum,11/10/2022,58093437468
59V-87294,Đỗ Văn Z,340488083,Ô tô tải,Tây Ninh,30/10/2020,45869422450
48L-5239,Nguyễn Văn Q,370260561,Ô tô con,Bình Định,18/08/2024,8356287810
67I-2541,Phạm Văn T,947755410,Ô tô con,Trà Vinh,01/02/2023,17582742988
57Z-2005,Phan Thị P,777245986,Ô tô khách,Lâm Đồng,19/09/2021,67468361887
17-H4.90631,Nguyễn Văn A,901177876,Xe máy,Tuyên Quang,21/05/2022,24207485706
TH-19-23,Phan Văn FF,824381602,Xe chuyên dụng,Bắc Giang,19/08/2021,36272907425
TH-79-14,Đinh Thị SS,915680034,Xe chuyên dụng,Phú Thọ,08/05/2022,1532121883
48P-1265,Hoàng Văn E,399804967,Ô tô con,Bình Định,20/08/2020,17862879897
50R-8943,Vũ Văn V,988053409,Xe bán tải,Khánh Hòa,29/03/2020,74276460922
29U-1048,Võ Văn O,361993659,Ô tô tải,Bắc Ninh,20/03/2024,11822955285
24Y-65979,Nguyễn Văn Q,382461278,Ô tô khách,Hòa Bình,16/10/2024,38910685211
TH-27-69,Hồ Văn DD,349997028,Xe chuyên dụng,Vĩnh Long,29/09/2022,31432664907
50-N5.76072,Mai Văn RR,931024531,Xe máy,Khánh Hòa,07/07/2020,70204232702
TH-98-63,Hồ Văn TT,906896386,Xe chuyên dụng,Bình Định,12/10/2021,44940875449
51J-6052,Ngô Thị Y,763553585,Xe bán tải,Ninh Thuận,06/04/2022,20610841439
TH-14-50,Võ Văn O,911509811,Xe chuyên dụng,Bắc Ninh,16/07/2025,19596028136
TH-52-82,Trần Thị B,322175726,Xe chuyên dụng,Ninh Thuận,21/06/2023,44416094677
63T-8315,Ngô Thị Y,367510649,Ô tô con,TP. Hồ Chí Minh,01/08/2022,4671784062
51S-9326,Phan Thị P,985892009,Xe bán tải,Ninh Thuận,11/07/2020,12022552933
50D-5372,Nguyễn Thị WW,357404302,Ô tô tải,Khánh Hòa,13/07/2025,14109695736
11E-4834,Hồ Văn DD,854942334,Ô tô con,Hà Nội,18/06/2023,70074816986
12M-8250,Trần Văn HH,911842180,Xe bán tải,Hà Giang,29/12/2023,47911505982
52F-43309,Lý Thị AA,864234257,Ô tô con,Bình Thuận,21/05/2021,8274157151
37S-8769,Võ Văn O,906805887,Ô tô con,Ninh Bình,15/07/2020,2656644158
71Y-9979,Đặng Thị MM,774716274,Ô tô khách,Kiên Giang,12/10/2021,52794547161
64A-9900,Phan Văn FF,822376673,Ô tô tải,Long An,07/02/2020,14801777561
65Y-78589,Mai Thị L,760932621,Xe bán tải,Tiền Giang,10/06/2023,14718710095
TH-13-66,Nguyễn Văn A,999770958,Xe chuyên dụng,Đắk Lắk,19/05/2022,66005516462
69W-5209,Mai Văn BB,984504769,Ô tô tải,Đồng Tháp,25/01/2020,12016155001
62E-4066,Trần Thị B,760912305,Ô tô con,Bà Rịa - Vũng Tàu,07/01/2023,14002743496
22-O3.6410,Nguyễn Thị WW,936833530,Xe máy,Yên Bái,25/06/2021,52445071449
25U-8156,Nguyễn Thị WW,849969265,Ô tô tải,Thái Nguyên,13/05/2025,34177140807
34-T3.5971,Lê Văn C,993520642,Xe máy,Thái Bình,02/10/2022,70917765897
25I-3225,Ngô Thị OO,392266670,Ô tô khách,Thái Nguyên,18/09/2021,64769517588
72D-8412,Phan Thị P,324148319,Xe bán tải,Cần Thơ,17/07/2025,40301425543
60C-3250,Ngô Thị Y,839508773,Ô tô khách,Bình Dương,06/11/2023,17893834133
60D-4569,Vũ Văn V,938086508,Ô tô con,Bình Dương,16/04/2024,2418795565
69J-28495,Phan Văn VV,824888344,Ô tô con,Đồng Tháp,03/11/2024,17554824538
65W-1858,Phan Thị P,991355629,Ô tô khách,Tiền Giang,22/06/2021,46513624817
61B-4734,Đỗ Văn Z,363217378,Ô tô tải,Đồng Nai,22/07/2023,51352024396
TH-11-30,Trần Văn R,355549055,Xe chuyên dụng,Lai Châu,27/11/2020,36847692130
41Y-8894,Mai Thị L,954900295,Ô tô tải,Hà Tĩnh,28/12/2022,11437849304
27N-24887,Lê Thị II,915680034,Ô tô tải,Bắc Giang,14/03/2025,35668358588
26T-5875,Hồ Văn TT,348143428,Ô tô khách,Lạng Sơn,16/10/2022,19107654077
64O-9450,Nguyễn Thị WW,840003389,Xe bán tải,Long An,17/03/2021,58083697399
72W-1841,Ngô Văn I,914901663,Ô tô khách,Cần Thơ,07/05/2022,40561722857
58I-4014,Vũ Văn V,906105434,Ô tô con,Bình Phước,28/12/2023,62696898904
15-E6.71520,Phan Thị P,774716274,Xe máy,Bắc Kạn,01/06/2022,1848513608
19X-1822,Lý Thị QQ,357468200,Ô tô con,Điện Biên,11/08/2025,43919191490
24P-72100,Bùi Văn NN,871928837,Ô tô con,Hòa Bình,18/08/2022,19606069152
71F-37534,Đặng Thị MM,941356555,Ô tô con,Kiên Giang,09/03/2025,74317019775
49H-1728,Lê Thị YY,791496573,Xe bán tải,Phú Yên,26/04/2024,34262075427
TH-12-59,Nguyễn Văn Q,777790678,Xe chuyên dụng,Phú Thọ,08/09/2024,14462769340
46U-5380,Lý Văn K,987434055,Ô tô tải,Quảng Nam,10/05/2024,24795919191
75R-3046,Bùi Thị H,774968060,Ô tô tải,Bạc Liêu,07/12/2021,19031880209
70Z-6179,Phan Văn VV,915680034,Xe bán tải,An Giang,13/02/2021,62600559553
50-T8.3472,Phạm Văn ZZ,709302510,Xe máy,Khánh Hòa,07/06/2023,44738600540
38U-49629,Đỗ Thị J,954900295,Ô tô khách,Thanh Hóa,12/01/2020,4506999361
44H-1213,Lý Văn K,827374533,Ô tô con,Thừa Thiên Huế,09/08/2023,17553703109
58-G4.7878,Phạm Thị D,815796659,Xe máy,Bình Phước,30/11/2023,51586724623
70S-6644,Vũ Văn V,396941824,Ô tô tải,An Giang,25/11/2023,72971505659
66Y-1799,Bùi Văn NN,357404302,Ô tô khách,Bến Tre,28/01/2021,47224039431
55-Y3.89215,Phạm Thị D,368344867,Xe máy,Đắk Lắk,10/11/2020,19608593294
TH-34-64,Lê Thị S,940729644,Xe chuyên dụng,Hải Phòng,23/01/2024,19520909981
56I-16377,Nguyễn Thị GG,864386632,Xe bán tải,Đắk Nông,10/05/2020,19562684505
43V-9561,Hồ Thị N,396941824,Ô tô tải,Quảng Trị,12/12/2020,48454729298
40U-4543,Hoàng Thị U,931024531,Ô tô con,Nghệ An,30/01/2020,19073977335
66H-6737,Vũ Văn LL,918336900,Ô tô khách,Bến Tre,01/08/2021,31042493909
72X-33337,Võ Thị EE,333987846,Ô tô con,Cần Thơ,04/08/2024,37985525729
21I-31112,Võ Thị UU,380648659,Ô tô khách,Phú Thọ,14/10/2020,36170735628
38-B9.59028,Nguyễn Thị GG,772798835,Xe máy,Thanh Hóa,11/10/2023,27664778478
27V-57426,Đinh Văn M,988053409,Xe bán tải,Bắc Giang,13/02/2025,35031045372
TH-58-89,Hoàng Thị U,329244497,Xe chuyên dụng,Hậu Giang,07/09/2023,22311284206
30W-39017,Vũ Văn LL,938788515,Ô tô tải,Hải Dương,25/11/2023,68848216860
69G-8271,Bùi Thị H,777790678,Ô tô tải,Đồng Tháp,29/08/2022,26835977333
46H-9898,Lý Thị QQ,830503214,Xe bán tải,Quảng Nam,07/10/2023,62500230096
TH-33-30,Lý Văn K,761605260,Xe chuyên dụng,Hà Tĩnh,14/01/2021,58978635614
72-A1.55574,Trần Văn HH,907513669,Xe máy,Cần Thơ,04/11/2025,42486772185
26-H1.3015,Hoàng Thị KK,335768829,Xe máy,Lạng Sơn,26/10/2025,44013345189
48V-7835,Võ Thị EE,355549055,Ô tô con,Bình Định,07/06/2024,52501691057
61-K7.8224,Lê Thị S,347519842,Xe máy,Đồng Nai,30/06/2021,27990310893
70U-9310,Nguyễn Thị WW,956272219,Ô tô khách,An Giang,18/03/2024,31317471067
29W-7494,Bùi Văn X,950027672,Ô tô tải,Bắc Ninh,05/07/2024,15596627516
51M-8003,Phạm Văn T,825258945,Ô tô tải,Ninh Thuận,30/03/2023,30817596577
55-J8.1632,Phạm Văn T,396179685,Xe máy,Đắk Lắk,14/06/2023,14414903012
43J-5480,Ngô Văn I,357404302,Ô tô con,Quảng Trị,24/08/2025,1712003991
60F-1004,Lê Thị YY,382461278,Ô tô con,Bình Dương,05/04/2022,54211863948
74-L5.2154,Võ Văn O,989017613,Xe máy,Sóc Trăng,27/11/2020,2676215076
21P-57545,Ngô Thị Y,763553585,Xe bán tải,Phú Thọ,18/04/2023,44622430502
55-I5.49433,Bùi Văn NN,346306659,Xe máy,Đắk Lắk,15/03/2023,42983948698
66-V5.91247,Phan Thị P,887749239,Xe máy,Bến Tre,15/02/2022,64862089054
69C-4118,Lý Thị AA,787884232,Ô tô con,Đồng Tháp,04/08/2021,40157476324
40P-2136,Hoàng Văn E,774716274,Xe bán tải,Nghệ An,28/02/2023,6753751160
52T-5877,Đỗ Thị J,328037002,Ô tô con,Bình Thuận,15/03/2025,30996285779
76U-7230,Lê Thị YY,984504769,Ô tô tải,Cà Mau,02/08/2025,36256911974
TH-84-22,Nguyễn Thị GG,979730246,Xe chuyên dụng,Quảng Nam,12/07/2020,54275177650
30X-76665,Lê Thị YY,988255352,Ô tô con,Hải Dương,02/01/2023,2617476716
41V-9803,Phan Văn FF,787884232,Ô tô con,Hà Tĩnh,23/11/2020,62515638323
74-H8.9820,Hoàng Văn E,901177876,Xe máy,Sóc Trăng,25/04/2024,44282489730
76-D5.17029,Hồ Thị N,855584848,Xe máy,Cà Mau,05/09/2025,64504337829
37-P2.1203,Phan Văn FF,365250518,Xe máy,Ninh Bình,27/06/2025,51319332732
45-U3.4930,Đặng Thị MM,978283792,Xe máy,Đà Nẵng,03/10/2025,11502083398
34-Y3.8446,Bùi Văn X,361993659,Xe máy,Thái Bình,09/03/2020,38542529592
18-U7.3815,Trần Thị B,370260561,Xe máy,Lào Cai,23/06/2024,52644891717
54-W7.90818,Hoàng Thị U,826261809,Xe máy,Gia Lai,02/05/2020,77659970877
19S-2330,Hoàng Thị U,348143428,Ô tô con,Điện Biên,04/06/2021,1972592690
TH-47-60,Trần Văn R,373269963,Xe chuyên dụng,Gia Lai,24/07/2025,66013002243
23V-32856,Nguyễn Thị WW,763554026,Ô tô tải,Sơn La,08/08/2020,54758624527
25P-2989,Phạm Văn ZZ,796014491,Ô tô khách,Thái Nguyên,13/05/2025,6504943733
27Q-5327,Vũ Thị F,371697771,Ô tô con,Bắc Giang,23/02/2025,47948549342
31K-8598,Lý Văn K,371697771,Xe bán tải,Hải Phòng,23/07/2020,20808442404
11F-6053,Ngô Thị Y,377889756,Ô tô tải,Hà Nội,15/03/2022,24636095099
12I-3703,Lê Thị YY,382039866,Ô tô tải,Hà Giang,04/07/2020,44266736647
74M-11123,Đặng Thị W,984504769,Ô tô con,Sóc Trăng,09/02/2025,47693839677
20-C4.73931,Bùi Văn X,782290590,Xe máy,Lai Châu,15/02/2022,54514921804
62T-8654,Phạm Văn ZZ,789686691,Ô tô khách,Bà Rịa - Vũng Tàu,02/08/2023,75017357073
58U-15265,Vũ Văn V,770202239,Ô tô con,Bình Phước,02/06/2021,42911471268
12-T2.1052,Hồ Văn DD,885040646,Xe máy,Hà Giang,11/03/2024,52186341651
40Q-34914,Đặng Văn G,843966393,Ô tô tải,Nghệ An,02/01/2025,31594826618
43T-1685,Đinh Văn M,940085659,Ô tô tải,Quảng Trị,26/10/2025,40473213319
TH-37-91,Phạm Văn ZZ,834339495,Xe chuyên dụng,Đồng Tháp,27/12/2022,34305288872
71L-3636,Mai Thị L,815796659,Xe bán tải,Kiên Giang,18/05/2022,48307062501
44N-57481,Đỗ Thị J,987797531,Ô tô khách,Thừa Thiên Huế,01/10/2024,36147125916
75P-9503,Võ Thị EE,963463306,Xe bán tải,Bạc Liêu,23/04/2023,19923945784
23W-6217,Phan Thị P,866203820,Ô tô tải,Sơn La,24/03/2024,8159455440
44U-4040,Đỗ Văn PP,761605260,Ô tô tải,Thừa Thiên Huế,09/11/2022,25568449704
47I-5171,Trần Văn R,774968060,Xe bán tải,Quảng Ngãi,12/06/2022,20795557026
48-W6.75435,Vũ Văn V,798450946,Xe máy,Bình Định,19/12/2022,45546814364
57-P5.8490,Nguyễn Văn Q,849969265,Xe máy,Lâm Đồng,30/11/2023,70697525000
56O-4701,Lê Thị II,911842180,Xe bán tải,Đắk Nông,10/09/2023,20916670881
35-J6.7373,Nguyễn Thị GG,377889756,Xe máy,Hà Nam,11/01/2021,12860246193
TH-25-65,Lý Văn K,767555176,Xe chuyên dụng,Bình Thuận,09/06/2021,56412786614
17-I8.3780,Lý Thị QQ,824888344,Xe máy,Tuyên Quang,10/07/2022,54105114543
54D-6750,Hồ Văn DD,345258962,Xe bán tải,Gia Lai,04/01/2022,48724211294
58M-8539,Lý Thị AA,859486488,Ô tô tải,Bình Phước,10/02/2022,10869066137
19V-60914,Đỗ Thị J,862168671,Xe bán tải,Điện Biên,07/11/2021,74761945764
27J-7025,Mai Văn RR,931024531,Ô tô khách,Bắc Giang,08/07/2021,14688221717
17N-2930,Hoàng Thị U,794612959,Ô tô khách,Tuyên Quang,17/10/2021,47494252999
54F-7614,Lý Thị AA,818434203,Ô tô khách,Gia Lai,16/11/2024,66150738337
48-B1.6792,Ngô Thị OO,936833530,Xe máy,Bình Định,16/01/2021,67146090648
12-D6.78693,Trần Thị B,349997028,Xe máy,Hà Giang,30/01/2025,74112549312
31B-2347,Nguyễn Thị GG,889187203,Xe bán tải,Hải Phòng,04/06/2021,20163867988
45U-4776,Đinh Thị CC,373269963,Ô tô tải,Đà Nẵng,14/05/2020,30934107309
72W-6532,Võ Văn O,382039866,Ô tô con,Cần Thơ,03/05/2025,46540980065
12S-9864,Đặng Thị W,856693583,Ô tô con,Hà Giang,22/05/2022,4020398871
14S-10655,Phan Văn FF,941356555,Xe bán tải,Cao Bằng,05/08/2024,25457190846
60D-6391,Phạm Văn ZZ,826261809,Ô tô con,Bình Dương,22/12/2021,51305727686
31T-4578,Võ Thị EE,924891690,Xe bán tải,Hải Phòng,13/11/2023,74144102105
55I-4639,Phan Văn FF,866543861,Ô tô con,Đắk Lắk,31/07/2021,19213602314
38Y-20579,Đinh Thị SS,947614325,Ô tô khách,Thanh Hóa,08/05/2020,64281310060
TH-90-47,Hoàng Thị KK,984504769,Xe chuyên dụng,Hòa Bình,25/01/2023,45204311237
48O-3054,Võ Thị EE,887749239,Xe bán tải,Bình Định,06/03/2020,37827893447
26S-90698,Đặng Thị W,767555176,Ô tô khách,Lạng Sơn,18/04/2020,72842558080
57C-4082,Hồ Văn DD,829778558,Xe bán tải,Lâm Đồng,14/01/2020,74114727930
TH-17-96,Võ Văn O,345884998,Xe chuyên dụng,Kon Tum,20/02/2024,35659332596
TH-32-95,Đặng Văn G,760932621,Xe chuyên dụng,Bến Tre,22/06/2022,35511582177
TH-66-39,Trần Văn XX,357404302,Xe chuyên dụng,Bình Dương,27/08/2022,75269822685
76O-9891,Lý Văn K,702447904,Ô tô tải,Cà Mau,12/12/2023,1464794782
55X-9352,Hoàng Văn E,919017224,Ô tô con,Đắk Lắk,23/08/2024,47914756214
33O-5334,Vũ Văn LL,796014491,Xe bán tải,Hưng Yên,09/08/2020,54778335343
56N-9521,Mai Thị L,938788515,Ô tô khách,Đắk Nông,11/08/2025,27572229264
43N-1753,Nguyễn Văn Q,787422823,Ô tô khách,Quảng Trị,02/02/2023,44912125004
30L-1450,Đỗ Văn Z,999131446,Ô tô khách,Hải Dương,28/02/2024,77395244746
37-M2.67375,Hồ Văn TT,345884998,Xe máy,Ninh Bình,04/02/2022,42103706551
21G-1245,Trần Văn HH,900765965,Xe bán tải,Phú Thọ,01/02/2024,67133575576
65C-6474,Đặng Thị W,854942334,Ô tô con,Tiền Giang,22/01/2024,8921037517
TH-17-83,Nguyễn Thị WW,392266670,Xe chuyên dụng,Ninh Bình,21/08/2021,10260055040
54O-2698,Phan Thị P,876484348,Ô tô tải,Gia Lai,06/12/2020,75319667497
12-Z1.3286,Bùi Văn NN,887612222,Xe máy,Hà Giang,06/05/2021,11337262872
60K-46693,Lý Thị AA,831451499,Ô tô tải,Bình Dương,21/07/2023,2741979723
17Z-6198,Nguyễn Văn A,365250518,Ô tô tải,Tuyên Quang,21/07/2025,58681747116
TH-98-28,Lý Thị QQ,792390727,Xe chuyên dụng,Ninh Bình,23/10/2024,74237996599
25O-2831,Ngô Thị Y,906896386,Ô tô tải,Thái Nguyên,18/04/2024,60052958248
24-D1.4399,Phạm Thị D,798450946,Xe máy,Hòa Bình,02/02/2024,4717422046
71V-1860,Bùi Văn NN,843966393,Ô tô khách,Kiên Giang,16/11/2023,27406419485
64Y-2089,Bùi Văn X,827374533,Ô tô tải,Long An,12/09/2024,44194404171
22S-5916,Phan Thị P,790861124,Ô tô khách,Yên Bái,21/01/2020,1493052411
15J-36033,Bùi Văn X,983278884,Ô tô khách,Bắc Kạn,18/10/2021,43779839372
74-E7.99538,Hồ Thị N,976538448,Xe máy,Sóc Trăng,23/08/2020,24817395163
49H-6887,Hoàng Thị U,841749803,Xe bán tải,Phú Yên,21/09/2021,14724486169
37N-53224,Hồ Văn DD,866543861,Ô tô tải,Ninh Bình,18/10/2020,17770110612
59T-9983,Đỗ Thị J,704347327,Xe bán tải,Tây Ninh,19/02/2023,70983976129
25P-75989,Ngô Văn I,789686691,Ô tô tải,Thái Nguyên,14/09/2021,74621988325
50M-68125,Nguyễn Thị WW,345258962,Ô tô con,Khánh Hòa,25/09/2024,33041317591
66P-6165,Lê Thị YY,955436014,Ô tô khách,Bến Tre,29/06/2021,45772675129
63I-1945,Hồ Văn TT,875257697,Xe bán tải,TP. Hồ Chí Minh,14/02/2021,51191708149
12R-4021,Mai Văn RR,357468200,Xe bán tải,Hà Giang,13/01/2025,54006167861
65X-15694,Lê Văn C,767555176,Ô tô con,Tiền Giang,20/11/2023,58018505794
24F-9237,Hồ Thị N,991907301,Ô tô tải,Hòa Bình,17/06/2021,77229594357
TH-56-74,Lê Thị II,917920618,Xe chuyên dụng,Cao Bằng,07/12/2022,72706618973
52N-3963,Phan Văn FF,789802465,Ô tô con,Bình Thuận,04/07/2023,46631560511
38I-63600,Phạm Văn T,816464390,Ô tô con,Thanh Hóa,09/06/2025,24881297444
52M-31513,Lý Văn K,356183104,Ô tô tải,Bình Thuận,19/09/2020,67279309414
68X-28356,Đỗ Văn Z,855584848,Ô tô khách,Vĩnh Long,21/12/2022,72212266867
62-C6.11593,Hoàng Thị KK,359588835,Xe máy,Bà Rịa - Vũng Tàu,02/12/2022,11718002193
42H-1996,Nguyễn Thị GG,357468200,Ô tô khách,Quảng Bình,23/09/2023,49073370000
59G-6951,Hoàng Thị KK,928808926,Ô tô con,Tây Ninh,27/06/2024,6958498157
36F-75644,Đinh Văn M,857434267,Ô tô tải,Nam Định,01/08/2023,45495041813
49D-9107,Phan Văn VV,359588835,Xe bán tải,Phú Yên,25/02/2024,43979162042
75Q-43620,Bùi Văn NN,335618363,Ô tô con,Bạc Liêu,19/05/2022,19021817238
58S-3737,Lê Thị S,827374533,Ô tô khách,Bình Phước,05/10/2022,22327072022
63-P3.1905,Vũ Văn V,392266670,Xe máy,TP. Hồ Chí Minh,30/07/2023,49337500919
51H-6294,Phạm Văn JJ,841749803,Ô tô tải,Ninh Thuận,13/03/2021,15825057140
67B-5161,Lê Thị S,357404302,Ô tô tải,Trà Vinh,02/05/2022,77418297315
TH-62-54,Nguyễn Thị GG,357468200,Xe chuyên dụng,Long An,07/05/2024,12170616758
42O-67257,Hoàng Văn E,881896374,Ô tô khách,Quảng Bình,30/07/2023,24888660892
41H-37843,Lê Thị II,787422823,Ô tô con,Hà Tĩnh,21/06/2023,43560147790
18-X6.16755,Đinh Thị SS,399804967,Xe máy,Lào Cai,16/02/2024,40934524989
62N-3542,Đỗ Văn PP,956757482,Ô tô tải,Bà Rịa - Vũng Tàu,27/02/2021,33190492788
20A-69424,Trần Văn R,841255176,Ô tô tải,Lai Châu,25/01/2021,60663846051
43-J9.43293,Phạm Văn T,396941824,Xe máy,Quảng Trị,16/08/2025,38529168191
41Q-5551,Võ Văn O,929522072,Ô tô con,Hà Tĩnh,22/06/2023,20185708327
38Q-8900,Võ Thị EE,381761398,Ô tô tải,Thanh Hóa,15/12/2022,31980229423
34E-4619,Đỗ Văn Z,936833530,Ô tô con,Thái Bình,29/03/2021,48390137724
60B-1030,Mai Văn RR,999131446,Xe bán tải,Bình Dương,25/10/2021,33838373166
47A-4361,Hoàng Thị U,836513361,Ô tô con,Quảng Ngãi,31/08/2023,19461002388
23Q-2439,Vũ Thị F,940085659,Ô tô khách,Sơn La,03/05/2025,45371450338
40N-4451,Đỗ Văn Z,760912305,Ô tô tải,Nghệ An,24/01/2023,67659198896
TH-37-90,Lý Thị QQ,358113286,Xe chuyên dụng,Quảng Trị,05/04/2020,70131302916
73W-7322,Mai Văn BB,704347327,Ô tô khách,Hậu Giang,27/10/2025,42671705636
49E-9165,Đặng Văn G,343450947,Ô tô tải,Phú Yên,15/05/2021,43942067367
60U-4614,Lê Thị S,392834373,Xe bán tải,Bình Dương,21/02/2024,8626825108
18C-9220,Võ Thị EE,329244497,Ô tô khách,Lào Cai,08/09/2022,66849100505
41P-36233,Vũ Thị F,963251738,Xe bán tải,Hà Tĩnh,29/07/2020,44069864818
TH-24-96,Hoàng Thị KK,929291982,Xe chuyên dụng,Khánh Hòa,18/11/2022,33775679052
72T-30563,Trần Văn XX,330372606,Ô tô khách,Cần Thơ,11/06/2020,22176488537
45I-8238,Vũ Văn V,331035691,Ô tô khách,Đà Nẵng,27/04/2023,1102433320
53H-8018,Vũ Thị F,856693583,Xe bán tải,Kon Tum,21/07/2023,75535680425
68C-37931,Phan Thị P,796014491,Xe bán tải,Vĩnh Long,30/07/2020,49384836572
34V-4751,Phạm Văn JJ,395214155,Ô tô khách,Thái Bình,07/07/2024,68860819790
69I-8831,Đinh Thị CC,918336900,Xe bán tải,Đồng Tháp,28/11/2023,77790090590
54M-6665,Nguyễn Thị GG,761832770,Ô tô tải,Gia Lai,25/05/2023,44532722059
68-P5.97234,Đinh Thị CC,777245986,Xe máy,Vĩnh Long,20/09/2024,66543749274
TH-61-27,Lê Thị S,906805887,Xe chuyên dụng,Bà Rịa - Vũng Tàu,26/08/2025,42194737110
59I-7270,Lê Văn C,903330218,Ô tô tải,Tây Ninh,19/04/2020,54501258686
33L-6913,Đinh Thị CC,887612222,Ô tô con,Hưng Yên,26/03/2020,44396279249
TH-41-67,Phan Thị P,829778558,Xe chuyên dụng,Thái Nguyên,16/09/2020,51635730695
60X-6378,Hoàng Văn E,887612222,Ô tô tải,Bình Dương,27/06/2025,64367085036
25A-55791,Hoàng Thị U,938788515,Ô tô tải,Thái Nguyên,22/10/2025,19499442099
45K-7407,Lê Thị S,396448031,Ô tô con,Đà Nẵng,16/07/2024,31930874582
21R-44030,Trần Thị B,947614325,Xe bán tải,Phú Thọ,11/04/2020,12227688260
14B-1970,Mai Thị L,777245986,Ô tô tải,Cao Bằng,15/11/2021,37836439116
58E-9210,Võ Thị EE,700849155,Xe bán tải,Bình Phước,20/03/2025,46984148727
72E-4677,Hồ Văn TT,810423680,Ô tô con,Cần Thơ,20/05/2024,8875064826
60-S7.78261,Phan Văn VV,335618363,Xe máy,Bình Dương,16/05/2023,44599260413
31I-6031,Lý Thị AA,882920203,Xe bán tải,Hải Phòng,17/10/2022,25474946377
42B-1430,Ngô Thị Y,367510649,Ô tô con,Quảng Bình,07/05/2025,19161690734
69Q-3019,Ngô Thị OO,819577344,Ô tô tải,Đồng Tháp,25/02/2021,44556837420
47A-7273,Vũ Văn LL,947614325,Ô tô khách,Quảng Ngãi,12/01/2020,56015703501
45-B6.4942,Đặng Văn G,996722008,Xe máy,Đà Nẵng,19/10/2023,70099121692
75F-9206,Phan Văn VV,380789206,Ô tô con,Bạc Liêu,19/08/2022,22254634962
73W-2437,Mai Văn BB,999131446,Xe bán tải,Hậu Giang,23/05/2025,8850438000
62J-2663,Đặng Thị W,784375339,Xe bán tải,Bà Rịa - Vũng Tàu,08/09/2021,33714875591
TH-33-48,Phạm Văn T,938788515,Xe chuyên dụng,Hà Giang,19/10/2021,36210824871
51-E9.54412,Phạm Văn ZZ,368897953,Xe máy,Ninh Thuận,23/06/2022,11215260943
34T-7513,Phan Thị P,952160532,Ô tô con,Thái Bình,28/09/2022,51457623546
71-S3.14735,Đặng Văn G,974827781,Xe máy,Kiên Giang,21/01/2025,33965217764
TH-39-73,Ngô Thị OO,923544723,Xe chuyên dụng,Nam Định,09/02/2020,33724421169
48-B7.12811,Phạm Văn T,708336556,Xe máy,Bình Định,18/07/2024,51954217430
TH-45-10,Mai Thị L,983278884,Xe chuyên dụng,Điện Biên,17/05/2022,48472175320
67G-35042,Mai Thị L,855584848,Ô tô khách,Trà Vinh,31/01/2022,54437830762
28S-8565,Hồ Thị N,873018727,Ô tô tải,Phú Thọ,12/03/2024,31329180237
49O-17052,Hồ Văn TT,380104986,Ô tô tải,Phú Yên,03/10/2025,15523686383
37W-8484,Hoàng Thị KK,382039866,Ô tô con,Ninh Bình,01/05/2022,24987903394
30A-2539,Vũ Văn V,363217378,Ô tô khách,Hải Dương,24/02/2021,47533819970
17-Q9.9835,Trần Thị B,386153531,Xe máy,Tuyên Quang,01/08/2023,8751601598
69Y-3651,Phan Văn VV,792390727,Ô tô tải,Đồng Tháp,25/03/2021,19214415369
27J-1549,Mai Văn BB,929291982,Ô tô con,Bắc Giang,29/06/2020,72202570306
36E-6148,Ngô Văn I,329244497,Ô tô khách,Nam Định,02/02/2024,49373265372
73K-4535,Đinh Văn M,705911005,Ô tô khách,Hậu Giang,25/04/2021,37313671979
43J-18695,Phan Văn VV,924891690,Ô tô tải,Quảng Trị,20/01/2022,25449438006
TH-30-82,Nguyễn Thị GG,839508773,Xe chuyên dụng,Bình Phước,16/06/2024,51867168989
76A-8033,Nguyễn Thị GG,702447904,Xe bán tải,Cà Mau,12/05/2025,54858698126
TH-57-90,Hồ Văn DD,392365847,Xe chuyên dụng,Đắk Lắk,04/10/2025,6241233335
50-M6.44643,Hồ Văn DD,906896386,Xe máy,Khánh Hòa,23/05/2025,38856376892
27B-46361,Phạm Văn JJ,954900295,Ô tô tải,Bắc Giang,06/08/2025,20711083101
67T-1263,Nguyễn Thị GG,381761398,Ô tô khách,Trà Vinh,26/04/2021,60557729983
57-Z6.3964,Hoàng Thị U,322989105,Xe máy,Lâm Đồng,23/08/2022,64222684502
63-G3.4784,Mai Văn RR,834339495,Xe máy,TP. Hồ Chí Minh,14/05/2025,22059698755
50N-6406,Vũ Văn LL,963236342,Ô tô tải,Khánh Hòa,21/12/2023,42391553141
19-P4.3098,Nguyễn Thị GG,938788515,Xe máy,Điện Biên,07/04/2020,51137010900
33D-3293,Đỗ Thị J,843153240,Ô tô tải,Hưng Yên,17/10/2020,17642382196
TH-72-86,Hoàng Văn E,963444170,Xe chuyên dụng,Ninh Bình,13/07/2024,34883486807
26F-1242,Đỗ Văn Z,817867077,Ô tô con,Lạng Sơn,13/12/2021,74103690785
76H-3324,Võ Thị EE,774968060,Ô tô con,Cà Mau,03/07/2020,60150126780
44Y-64243,Nguyễn Thị WW,947572506,Ô tô khách,Thừa Thiên Huế,14/10/2021,70168318913
68V-6839,Đỗ Thị J,774968060,Ô tô con,Vĩnh Long,19/11/2021,44596045380
TH-72-21,Lý Văn K,826261809,Xe chuyên dụng,Đồng Tháp,01/08/2021,22227935950
14C-39228,Mai Văn BB,838404964,Ô tô khách,Cao Bằng,02/08/2022,70754728335
11W-2410,Phan Thị P,993520642,Xe bán tải,Hà Nội,07/06/2022,30229154265
20C-5570,Mai Văn BB,340488083,Ô tô khách,Lai Châu,17/06/2020,26874257034
63Y-6028,Trần Văn HH,859881426,Ô tô khách,TP. Hồ Chí Minh,18/05/2024,24134345732
24V-33213,Phạm Văn ZZ,946673883,Ô tô khách,Hòa Bình,21/11/2023,22144160247
63A-2348,Vũ Thị F,947755410,Xe bán tải,TP. Hồ Chí Minh,12/09/2021,51544135295
30H-8340,Hoàng Thị KK,346306659,Xe bán tải,Hải Dương,18/12/2023,38917318174
66G-78077,Bùi Văn NN,763553585,Ô tô tải,Bến Tre,07/04/2020,64462369052
58P-5205,Đặng Văn G,392365847,Xe bán tải,Bình Phước,28/12/2021,37805149394
56-I6.4704,Trần Văn HH,839508773,Xe máy,Đắk Nông,18/08/2024,22087615951
49C-2415,Đỗ Văn Z,975562189,Ô tô con,Phú Yên,16/01/2023,60790585393
53H-78192,Phạm Văn T,972361325,Ô tô khách,Kon Tum,06/04/2022,11853393105
30L-3860,Đinh Văn M,917920618,Ô tô con,Hải Dương,18/06/2020,22670256197
TH-94-54,Nguyễn Thị WW,919017224,Xe chuyên dụng,Nam Định,24/08/2021,51132460636
74-H5.58719,Mai Văn BB,707079467,Xe máy,Sóc Trăng,10/04/2021,48477136680
14U-2546,Nguyễn Thị GG,972317142,Ô tô tải,Cao Bằng,01/06/2025,17327753343
34O-1320,Mai Thị L,342386599,Ô tô con,Thái Bình,30/09/2020,51025611769
45-L6.83866,Lê Thị S,862470456,Xe máy,Đà Nẵng,26/10/2022,49121371064
74Y-5394,Nguyễn Thị GG,376340456,Xe bán tải,Sóc Trăng,12/10/2023,70721879410
62B-76929,Võ Văn O,836513361,Ô tô khách,Bà Rịa - Vũng Tàu,28/11/2024,8416885458
47-K5.2379,Trần Văn XX,784375339,Xe máy,Quảng Ngãi,01/09/2022,44251884830
75D-55391,Đinh Thị SS,329971569,Ô tô con,Bạc Liêu,16/03/2022,14080237859
36-D1.87607,Bùi Thị H,702790458,Xe máy,Nam Định,04/03/2021,60276333587
TH-61-18,Vũ Thị F,702447904,Xe chuyên dụng,Yên Bái,12/06/2021,15316600417
TH-59-11,Đặng Văn G,323429465,Xe chuyên dụng,Quảng Trị,15/05/2021,60093331019
TH-78-92,Lê Thị II,818434203,Xe chuyên dụng,Ninh Thuận,18/11/2024,33559564355
70Q-5363,Đặng Văn G,946673883,Xe bán tải,An Giang,25/02/2024,36785056215
42V-4164,Phạm Văn ZZ,845535516,Ô tô con,Quảng Bình,23/02/2025,74994992472
73R-5970,Hồ Văn TT,763554026,Xe bán tải,Hậu Giang,09/04/2023,77958430123
50K-4219,Đặng Thị MM,873018727,Ô tô khách,Khánh Hòa,18/04/2022,8239699422
40E-1552,Phan Thị P,392365847,Xe bán tải,Nghệ An,10/12/2022,70863334186
15S-8052,Ngô Văn I,936833530,Xe bán tải,Bắc Kạn,13/12/2021,74907363637
49B-50088,Phan Văn VV,816464390,Ô tô khách,Phú Yên,02/11/2025,40260030925
TH-44-54,Hoàng Văn E,955514577,Xe chuyên dụng,Quảng Ngãi,08/05/2025,58885798907
43K-1278,Bùi Văn NN,839508773,Ô tô con,Quảng Trị,13/01/2023,67572660793
12L-2976,Phạm Văn T,796014491,Ô tô con,Hà Giang,07/06/2024,33007855296
22S-4406,Võ Thị EE,816106121,Ô tô tải,Yên Bái,21/10/2023,44315547449
51-M9.6889,Phan Văn VV,834240857,Xe máy,Ninh Thuận,07/05/2021,72258100236
TH-73-50,Lý Thị QQ,358113286,Xe chuyên dụng,Kiên Giang,27/09/2023,15085763216
14W-9076,Bùi Văn NN,836513361,Ô tô tải,Cao Bằng,06/09/2020,72817674469
76-C5.17441,Lý Văn K,865856068,Xe máy,Cà Mau,15/04/2024,24703734625
60E-9568,Võ Thị EE,373269963,Xe bán tải,Bình Dương,09/02/2020,20139799802
74S-8059,Đỗ Văn PP,365250518,Ô tô con,Sóc Trăng,11/04/2022,37022716503
18V-3166,Đặng Thị MM,926485092,Ô tô con,Lào Cai,01/07/2023,22279543337
19Y-92101,Trần Văn HH,824381602,Xe bán tải,Điện Biên,10/02/2020,10360101566
41P-9012,Đinh Thị CC,871928837,Ô tô con,Hà Tĩnh,24/05/2025,66805219652
72C-9410,Trần Văn R,871457069,Xe bán tải,Cần Thơ,03/03/2020,48617310698
48B-39475,Trần Văn HH,929522072,Xe bán tải,Bình Định,03/02/2022,43764435037
50P-9981,Lê Văn C,866443247,Ô tô tải,Khánh Hòa,24/09/2024,56611428402
TH-12-96,Nguyễn Thị GG,926485092,Xe chuyên dụng,Tiền Giang,09/11/2021,30800777210
